player,pos,age,team_id,g,mp,per,ts_pct,fg3a_per_fga_pct,fta_per_fga_pct,orb_pct,drb_pct,trb_pct,ast_pct,stl_pct,blk_pct,tov_pct,usg_pct,ws-dum,ows,dws,ws,ws_per_48,bpm-dum,obpm,dbpm,bpm,vorp
Precious Achiuwa,PF,21,MIA,6,94,13.6,.587,.000,.633,11.7,21.3,16.9,5.2,1.0,2.2,17.3,21.8,,0.0,0.1,0.2,.085,,-4.2,-1.3,-5.5,-0.1
Steven Adams,C,27,NOP,7,211,18.3,.636,.000,.333,13.3,18.5,15.9,8.1,2.8,3.3,19.1,13.7,,0.3,0.4,0.7,.170,,0.3,1.0,1.2,0.2
Bam Adebayo,C,23,MIA,6,188,23.4,.713,.000,.463,4.5,23.0,14.4,24.4,2.0,2.8,20.7,23.9,,0.5,0.3,0.8,.214,,2.0,2.7,4.7,0.3
LaMarcus Aldridge,C,35,SAS,4,103,10.6,.452,.315,.056,3.7,15.2,9.2,11.6,0.5,3.1,8.3,24.6,,-0.1,0.1,-0.1,-0.043,,-4.0,-2.3,-6.3,-0.1
Ty-Shon Alexander,SG,22,PHO,2,5,-19.6,.000,.333,.000,0.0,22.9,11.4,24.3,0.0,0.0,0.0,27.1,,-0.1,0.0,-0.1,-0.517,,-23.5,-5.5,-29.0,0.0
Nickeil Alexander-Walker,SG,22,NOP,5,62,13.8,.509,.486,.086,1.7,8.8,5.2,20.1,3.1,1.9,14.2,29.0,,0.0,0.1,0.1,.056,,-1.0,0.3,-0.7,0.0
Grayson Allen,SG,25,MEM,6,122,6.4,.404,.815,.333,3.3,8.5,5.9,14.5,0.8,0.7,11.4,12.0,,0.0,0.1,0.0,.011,,-3.8,-1.5,-5.3,-0.1
Jarrett Allen,C,22,BRK,8,192,25.4,.737,.000,1.128,17.5,29.9,24.2,5.0,1.2,5.7,17.1,15.4,,0.8,0.4,1.2,.297,,2.5,0.7,3.2,0.3
Kyle Anderson,PF,27,MEM,7,220,13.6,.530,.400,.211,3.2,22.7,12.9,16.7,0.6,1.6,14.8,23.2,,0.0,0.2,0.2,.044,,-0.8,-0.7,-1.6,0.0
Giannis Antetokounmpo,PF,26,MIL,7,221,28.1,.587,.280,.576,6.5,31.7,19.3,26.9,2.3,2.4,12.8,33.5,,0.7,0.4,1.2,.252,,3.6,1.2,4.8,0.4
Kostas Antetokounmpo,PF,23,LAL,1,8,-9.3,.000,.000,.000,0.0,50.1,26.6,0.0,0.0,21.1,50.0,21.3,,-0.1,0.0,-0.1,-0.400,,-19.3,2.0,-17.3,0.0
Thanasis Antetokounmpo,SF,28,MIL,6,66,6.2,.631,.364,.182,8.3,8.0,8.2,12.4,1.4,1.4,40.2,12.4,,0.0,0.1,0.1,.043,,-5.4,-0.8,-6.2,-0.1
Carmelo Anthony,PF,36,POR,6,149,13.4,.595,.404,.481,0.7,15.4,7.8,5.0,1.3,0.6,8.7,19.7,,0.2,0.0,0.3,.081,,-1.4,-2.1,-3.5,-0.1
Cole Anthony,PG,20,ORL,7,140,13.2,.419,.266,.313,6.9,19.1,12.7,23.9,1.0,0.6,7.6,23.2,,0.0,0.2,0.2,.078,,-2.1,-1.0,-3.1,0.0
OG Anunoby,SF,23,TOR,6,209,11.2,.536,.643,.375,3.7,13.3,8.3,8.0,2.7,1.8,12.1,14.9,,0.1,0.3,0.4,.086,,-2.3,0.9,-1.5,0.0
Ryan Arcidiacono,PG,26,CHI,2,28,14.9,.484,.556,.333,0.0,23.2,11.7,19.7,3.2,0.0,0.0,15.0,,0.0,0.0,0.1,.131,,-2.9,2.9,0.0,0.0
D.J. Augustin,PG,33,MIL,6,98,12.0,.580,.677,.194,3.4,4.3,3.9,16.0,0.9,0.0,15.1,16.7,,0.2,0.1,0.2,.115,,0.2,-2.4,-2.2,0.0
Deni Avdija,SF,20,WAS,7,173,12.3,.638,.622,.135,1.8,18.3,9.9,12.3,2.4,1.0,11.3,10.4,,0.2,0.1,0.4,.108,,-0.5,0.6,0.1,0.1
Deandre Ayton,C,22,PHO,7,205,20.2,.613,.043,.304,11.7,30.1,20.9,10.1,0.7,3.5,12.3,19.7,,0.5,0.4,0.9,.209,,0.3,1.1,1.4,0.2
Udoka Azubuike,C,21,UTA,3,17,17.3,.630,.000,1.333,6.3,11.9,9.2,0.0,2.8,4.7,0.0,11.8,,0.0,0.0,0.1,.192,,-1.7,1.0,-0.7,0.0
Dwayne Bacon,SG,25,ORL,7,162,7.9,.518,.306,.102,0.6,15.2,7.5,6.0,0.9,0.5,12.0,14.8,,0.0,0.2,0.2,.047,,-3.8,-0.9,-4.7,-0.1
Marvin Bagley III,PF,21,SAC,7,174,7.1,.415,.185,.296,10.9,25.1,17.5,5.3,0.5,1.0,14.9,25.6,,-0.4,0.1,-0.3,-0.094,,-6.3,-3.7,-10.0,-0.3
LaMelo Ball,PG,19,CHO,7,168,16.4,.503,.425,.233,6.4,14.6,10.2,31.1,3.6,1.7,16.6,23.8,,0.0,0.2,0.3,.077,,0.9,0.8,1.8,0.2
Lonzo Ball,PG,23,NOP,7,229,11.9,.529,.590,.108,1.9,13.8,7.8,22.7,1.9,2.5,18.7,19.8,,0.0,0.4,0.3,.072,,-1.5,0.5,-1.0,0.1
Mo Bamba,C,22,ORL,1,4,6.9,,,,0.0,53.5,25.3,29.3,0.0,21.1,100.0,10.3,,0.0,0.0,0.0,-0.055,,-11.6,14.1,2.5,0.0
Desmond Bane,SG,22,MEM,7,163,9.8,.605,.615,.038,2.5,8.9,5.7,6.2,1.5,0.0,14.5,15.9,,0.1,0.1,0.2,.046,,-2.5,-1.1,-3.6,-0.1
Harrison Barnes,PF,28,SAC,7,243,16.9,.562,.289,.333,4.1,22.2,12.5,10.8,1.0,0.7,6.4,18.8,,0.5,0.1,0.6,.115,,1.6,-0.6,1.1,0.2
RJ Barrett,SG,20,NYK,7,271,12.7,.489,.296,.313,2.9,17.0,10.3,15.3,1.1,0.0,8.4,22.8,,0.1,0.3,0.4,.071,,-1.4,-0.2,-1.6,0.0
Will Barton,SF,30,DEN,7,200,11.8,.462,.333,.218,2.4,16.8,9.8,14.4,1.5,2.3,6.6,19.6,,0.0,0.1,0.1,.029,,-1.5,-2.0,-3.5,-0.1
Keita Bates-Diop,SF,25,SAS,1,1,0.0,,,,0.0,0.0,0.0,0.0,0.0,0.0,,0.0,,0.0,0.0,0.0,-0.015,,-5.6,-4.2,-9.7,0.0
Nicolas Batum,SF,32,LAC,8,238,16.3,.693,.547,.264,5.3,18.1,11.7,13.5,1.5,0.9,10.6,12.4,,0.7,0.1,0.8,.167,,1.2,-0.4,0.8,0.2
Aron Baynes,C,34,TOR,6,122,6.4,.430,.349,.000,8.8,21.0,14.6,5.2,0.4,0.0,10.4,16.5,,-0.1,0.1,0.0,.001,,-5.0,-2.9,-7.9,-0.2
Kent Bazemore,SF,31,GSW,5,69,10.5,.622,.500,.125,4.4,15.8,10.1,18.0,0.6,1.3,19.2,12.3,,0.1,0.0,0.1,.080,,-2.3,-0.6,-2.9,0.0
Darius Bazley,PF,20,OKC,6,180,13.1,.555,.417,.183,2.3,26.0,14.5,8.1,0.8,3.6,15.6,18.5,,-0.1,0.2,0.2,.047,,-1.9,0.3,-1.5,0.0
Bradley Beal,SG,27,WAS,7,248,23.2,.569,.239,.415,3.8,11.5,7.6,21.9,2.0,1.7,10.9,34.7,,0.5,0.2,0.7,.126,,3.7,-1.8,1.9,0.2
Malik Beasley,SG,24,MIN,7,220,16.6,.560,.390,.219,2.7,15.7,8.7,9.3,0.9,0.8,5.7,23.1,,0.4,0.0,0.3,.075,,0.7,-3.0,-2.3,0.0
DeAndre' Bembry,SF,26,TOR,3,14,-2.9,.500,.000,.000,0.0,22.9,10.9,10.2,0.0,6.7,60.0,15.0,,-0.1,0.0,-0.1,-0.185,,-12.9,0.0,-12.9,0.0
Dāvis Bertāns,PF,28,WAS,7,157,12.7,.556,.867,.350,2.7,11.9,7.2,6.6,0.9,1.1,2.8,18.5,,0.3,0.0,0.3,.093,,0.7,-2.6,-1.9,0.0
Patrick Beverley,PG,32,LAC,8,197,14.4,.693,.680,.120,7.0,13.3,10.1,8.6,1.3,2.1,11.7,13.5,,0.5,0.1,0.6,.138,,0.1,-0.6,-0.5,0.1
Saddiq Bey,SF,21,DET,6,132,9.2,.507,.660,.255,1.6,21.1,10.5,4.3,1.1,0.0,5.4,17.7,,0.0,0.0,0.1,.026,,-2.4,-1.9,-4.3,-0.1
Khem Birch,C,28,ORL,7,127,17.5,.572,.000,.342,12.1,17.7,14.7,5.6,2.2,2.7,10.3,15.8,,0.3,0.2,0.5,.188,,-1.7,0.4,-1.3,0.0
Bismack Biyombo,C,28,CHO,7,196,14.2,.564,.021,.500,11.4,15.4,13.2,14.9,0.2,3.5,14.6,14.5,,0.3,0.1,0.4,.103,,-1.1,-1.5,-2.5,0.0
Nemanja Bjelica,PF,32,SAC,7,110,13.8,.577,.343,.429,7.2,20.9,13.6,16.1,0.0,1.6,17.8,19.0,,0.1,0.0,0.2,.071,,-1.2,-1.0,-2.2,0.0
Eric Bledsoe,SG,31,NOP,7,211,13.4,.552,.500,.229,2.6,10.3,6.4,22.0,1.4,1.6,15.4,18.3,,0.2,0.3,0.5,.110,,-0.2,-0.4,-0.7,0.1
Keljin Blevins,SF,25,POR,3,17,-9.3,.167,.500,.000,0.0,0.0,0.0,23.2,2.8,0.0,33.3,22.5,,-0.1,0.0,-0.1,-0.397,,-14.5,-4.2,-18.7,-0.1
Bogdan Bogdanović,SG,28,ATL,7,184,12.5,.578,.746,.134,1.2,15.9,8.8,12.3,1.0,0.5,11.3,18.1,,0.2,0.1,0.4,.095,,0.6,-1.1,-0.5,0.1
Bojan Bogdanović,SF,31,UTA,7,218,8.9,.493,.512,.143,2.9,8.3,5.7,6.6,0.7,0.4,8.2,18.8,,0.0,0.1,0.1,.031,,-2.6,-2.4,-5.0,-0.2
Bol Bol,PF,21,DEN,3,14,-10.2,.000,.500,.000,0.0,8.3,4.2,0.0,0.0,6.6,0.0,12.3,,-0.1,0.0,-0.1,-0.287,,-13.7,-5.9,-19.6,-0.1
Marques Bolden,C,22,CLE,4,14,13.2,.539,.000,3.000,0.0,15.5,7.7,0.0,3.5,0.0,0.0,14.3,,0.0,0.0,0.0,.146,,-1.2,1.0,-0.2,0.0
Jordan Bone,PG,23,ORL,2,11,12.2,.400,.200,.000,8.7,19.5,13.8,13.5,0.0,0.0,0.0,18.7,,0.0,0.0,0.0,.059,,-2.6,-0.9,-3.4,0.0
Isaac Bonga,SF,21,WAS,5,75,12.5,.781,.692,.077,4.2,17.5,10.7,8.4,1.2,3.4,18.2,8.9,,0.1,0.1,0.2,.110,,0.3,0.4,0.6,0.1
Devin Booker,SG,24,PHO,7,248,13.2,.587,.342,.306,0.9,12.4,6.7,20.7,1.4,0.7,22.7,29.7,,-0.2,0.4,0.2,.032,,-2.1,-0.7,-2.7,0.0
Chris Boucher,C,28,TOR,6,122,24.2,.616,.346,.423,8.8,21.9,15.1,7.5,1.5,9.9,7.5,22.9,,0.3,0.3,0.6,.224,,2.4,1.4,3.8,0.2
Avery Bradley,SG,30,MIA,5,117,18.0,.757,.590,.231,0.0,7.2,3.9,9.8,2.0,0.0,8.5,17.8,,0.3,0.1,0.5,.189,,1.9,1.0,2.8,0.1
Tony Bradley,C,23,PHI,1,17,13.0,.269,.000,.143,25.8,22.9,24.3,8.1,0.0,10.0,0.0,18.5,,0.0,0.0,0.0,.071,,-2.9,-3.5,-6.4,0.0
Ignas Brazdeikis,SF,22,NYK,2,2,50.0,.532,.000,2.000,55.6,50.1,52.7,0.0,0.0,0.0,0.0,40.6,,0.0,0.0,0.0,.600,,8.3,-5.4,2.9,0.0
Mikal Bridges,SF,24,PHO,7,238,17.4,.673,.612,.224,3.4,15.4,9.3,3.7,1.0,3.7,1.3,14.2,,0.7,0.4,1.1,.214,,2.8,1.5,4.3,0.4
Miles Bridges,PF,22,CHO,7,176,11.0,.561,.483,.069,3.3,26.0,13.9,8.4,1.1,6.1,21.1,17.9,,-0.2,0.2,0.1,.018,,-2.7,-0.3,-2.9,0.0
Malcolm Brogdon,PG,28,IND,7,259,23.0,.632,.412,.158,1.4,11.8,6.7,28.1,2.4,0.3,9.0,22.6,,0.9,0.3,1.2,.221,,5.6,0.4,6.0,0.5
Dillon Brooks,SF,25,MEM,7,214,12.0,.478,.403,.084,5.2,9.7,7.5,17.2,2.9,0.8,13.3,27.9,,-0.3,0.2,0.0,-0.007,,-2.6,-0.7,-3.3,-0.1
Bruce Brown,PG,24,BRK,4,36,10.1,.556,.222,.000,3.0,20.6,12.5,22.7,0.0,0.0,25.0,14.0,,0.0,0.0,0.1,.067,,-3.4,0.1,-3.3,0.0
Jaylen Brown,SG,24,BOS,8,272,25.6,.654,.282,.235,3.3,12.2,7.7,15.9,2.3,1.6,12.3,29.2,,0.9,0.2,1.0,.184,,5.3,-0.4,4.9,0.5
Moses Brown,C,21,OKC,2,9,23.0,.391,.000,5.000,11.6,44.3,28.4,0.0,5.3,9.0,0.0,30.8,,0.0,0.0,0.0,.060,,1.6,1.2,2.8,0.0
Sterling Brown,SG,25,HOU,5,105,16.2,.818,.731,.077,1.1,12.2,6.8,5.9,1.4,0.0,3.6,11.7,,0.3,0.0,0.4,.170,,1.2,-0.5,0.7,0.1
Troy Brown Jr.,SF,21,WAS,6,101,4.7,.502,.583,.083,3.1,14.1,8.5,8.6,0.4,0.0,16.7,12.1,,0.0,0.0,0.0,-0.016,,-4.0,-2.8,-6.7,-0.1
Jalen Brunson,PG,24,DAL,7,134,20.1,.604,.317,.300,0.0,14.8,7.4,33.2,1.5,0.0,15.0,26.3,,0.3,0.2,0.4,.153,,2.6,-0.7,1.9,0.1
Thomas Bryant,C,23,WAS,7,206,21.2,.724,.231,.244,7.1,17.5,12.2,9.0,0.7,2.9,11.3,19.3,,0.6,0.1,0.7,.175,,2.9,-1.4,1.5,0.2
Reggie Bullock,SF,29,NYK,7,208,5.3,.461,.629,.113,0.5,13.5,7.4,8.3,0.9,0.9,10.9,15.2,,-0.2,0.2,0.0,.011,,-4.0,0.3,-3.7,-0.1
Trey Burke,PG,28,DAL,7,125,8.6,.491,.489,.191,0.0,8.8,4.4,12.3,1.6,0.8,10.5,20.1,,-0.1,0.1,0.1,.027,,-3.9,-1.3,-5.2,-0.1
Alec Burks,SG,29,NYK,3,83,26.5,.760,.469,.625,0.0,13.3,7.0,22.4,1.8,2.3,14.6,24.9,,0.4,0.1,0.5,.301,,7.2,2.1,9.4,0.2
Jimmy Butler,SF,31,MIA,4,104,15.7,.466,.075,.350,5.9,10.1,8.2,29.1,5.0,0.0,17.8,23.9,,-0.1,0.2,0.2,.070,,-2.7,2.9,0.2,0.1
Bruno Caboclo,PF,25,HOU,3,24,-6.8,.300,.400,.000,4.7,26.6,16.0,0.0,0.0,3.6,28.6,25.8,,-0.2,0.0,-0.2,-0.347,,-16.4,-5.0,-21.4,-0.1
Kentavious Caldwell-Pope,SG,27,LAL,6,143,15.5,.735,.528,.306,1.6,4.9,3.3,7.3,1.7,1.8,10.9,13.6,,0.4,0.2,0.6,.194,,1.1,0.7,1.8,0.1
Facundo Campazzo,PG,29,DEN,7,80,13.6,.661,.700,.650,0.0,8.7,4.5,14.7,3.0,1.2,18.9,17.0,,0.1,0.0,0.2,.104,,-2.3,-0.5,-2.9,0.0
Vlatko Čančar,PF,23,DEN,2,5,-18.7,.000,.000,.000,0.0,0.0,0.0,0.0,0.0,0.0,50.0,17.2,,-0.1,0.0,-0.1,-0.515,,-19.0,-9.6,-28.6,0.0
Clint Capela,C,26,ATL,5,131,20.5,.578,.000,.317,14.9,32.3,24.0,8.1,1.1,3.9,9.7,16.4,,0.3,0.2,0.5,.180,,1.9,0.0,2.0,0.1
Vernon Carey Jr.,C,19,CHO,1,4,0.7,.000,.500,.000,0.0,27.9,13.0,30.3,0.0,24.2,0.0,20.7,,0.0,0.0,0.0,-0.287,,-9.4,4.7,-4.7,0.0
Jevon Carter,PG,25,PHO,7,79,2.1,.333,.625,.000,0.0,14.5,7.2,8.6,1.3,0.0,4.0,14.3,,-0.2,0.1,0.0,-0.027,,-7.9,0.8,-7.1,-0.1
Wendell Carter Jr.,C,21,CHI,8,215,14.3,.583,.179,.493,7.1,21.6,14.4,14.6,0.6,2.2,14.7,18.1,,0.3,0.1,0.4,.096,,-2.6,-0.3,-2.9,0.0
Michael Carter-Williams,SG,29,ORL,7,160,7.0,.386,.273,.136,9.0,14.0,11.4,9.9,1.2,2.1,16.2,14.3,,-0.2,0.2,0.1,.022,,-5.3,-0.8,-6.1,-0.2
Alex Caruso,PG,26,LAL,3,41,10.2,.727,.727,.000,0.0,12.2,6.5,9.7,2.3,0.0,31.3,16.6,,0.0,0.1,0.1,.059,,-2.4,0.4,-2.1,0.0
Willie Cauley-Stein,C,27,DAL,7,94,17.7,.637,.042,.625,11.7,19.9,15.8,8.5,1.6,3.3,11.6,16.2,,0.2,0.2,0.4,.206,,-1.9,0.7,-1.3,0.0
Chris Chiozza,PG,25,BRK,3,36,3.8,.422,.563,.250,3.0,2.6,2.8,18.9,0.0,0.0,14.5,24.2,,-0.1,0.0,-0.1,-0.074,,-5.4,-5.2,-10.6,-0.1
Marquese Chriss,PF,23,GSW,2,27,12.3,.412,.357,.286,11.1,36.6,24.0,11.3,0.0,6.7,11.3,26.7,,-0.1,0.0,0.0,-0.039,,-2.2,-1.0,-3.2,0.0
Gary Clark,SF,26,ORL,4,58,4.6,.393,.818,.091,8.3,20.3,14.0,4.3,1.6,0.0,25.9,11.0,,-0.1,0.1,0.0,.007,,-5.7,0.7,-5.0,0.0
Brandon Clarke,PF,24,MEM,7,189,11.5,.463,.192,.247,5.9,12.7,9.3,6.3,1.3,2.7,5.8,19.0,,-0.1,0.2,0.1,.029,,-2.9,-1.2,-4.1,-0.1
Jordan Clarkson,SG,28,UTA,7,155,20.2,.598,.458,.133,6.2,13.0,9.7,11.2,2.5,1.0,15.4,28.2,,0.2,0.2,0.4,.109,,3.1,-0.2,2.8,0.2
Amir Coffey,SG,23,LAC,7,36,7.8,.450,.500,.250,3.2,3.2,3.2,11.5,0.0,0.0,0.0,16.5,,0.0,0.0,0.0,.016,,-2.5,-4.7,-7.2,0.0
John Collins,PF,23,ATL,7,195,22.0,.634,.294,.259,7.8,18.1,13.2,10.8,1.0,3.1,7.8,21.9,,0.7,0.2,0.9,.216,,2.6,-0.1,2.5,0.2
Mike Conley,PG,33,UTA,7,218,19.1,.612,.546,.216,2.9,10.6,6.9,25.6,1.5,0.4,14.5,24.0,,0.6,0.2,0.7,.159,,3.6,-0.6,3.1,0.3
Pat Connaughton,SG,28,MIL,6,103,15.7,.658,.714,.071,2.1,19.6,11.0,9.4,1.3,1.7,3.3,12.0,,0.3,0.1,0.4,.191,,3.0,0.2,3.3,0.1
Quinn Cook,PG,27,LAL,5,15,16.3,.538,.571,.143,0.0,6.7,3.5,19.0,0.0,0.0,0.0,21.1,,0.0,0.0,0.1,.167,,-0.4,-3.0,-3.4,0.0
DeMarcus Cousins,C,30,HOU,3,28,11.5,.441,.200,.133,4.0,34.2,19.5,18.4,0.0,12.5,20.1,31.4,,-0.1,0.0,-0.1,-0.113,,-7.9,1.4,-6.5,0.0
Robert Covington,PF,30,POR,7,223,8.4,.525,.756,.133,1.4,18.1,9.5,6.0,2.3,1.7,12.8,10.4,,0.0,0.2,0.1,.032,,-3.9,0.2,-3.7,-0.1
Torrey Craig,SF,30,MIL,2,13,2.0,.000,.000,.000,0.0,32.6,16.6,16.2,0.0,6.9,50.0,6.3,,0.0,0.0,0.0,-0.018,,-6.6,3.7,-3.0,0.0
Jae Crowder,PF,30,PHO,7,202,11.9,.569,.759,.138,1.7,17.0,9.3,11.9,1.0,0.4,6.1,14.7,,0.3,0.3,0.6,.137,,0.0,1.0,1.0,0.2
Jarrett Culver,SG,21,MIN,7,167,9.8,.486,.304,.232,10.2,19.2,14.3,2.5,1.7,1.0,16.3,18.3,,-0.1,0.0,-0.1,-0.029,,-5.1,-3.3,-8.4,-0.3
Seth Curry,SG,30,PHI,7,204,19.5,.755,.547,.266,0.5,5.7,3.3,19.1,1.4,1.2,13.3,17.1,,0.7,0.3,1.0,.241,,3.8,0.3,4.1,0.3
Stephen Curry,PG,32,GSW,7,231,28.3,.645,.564,.376,1.7,14.1,8.0,36.0,1.3,0.8,12.6,34.9,,0.9,0.1,1.0,.216,,7.6,-1.2,6.3,0.5
Anthony Davis,PF,27,LAL,7,232,23.7,.583,.223,.240,5.8,22.0,14.4,17.0,2.3,2.9,11.9,27.8,,0.4,0.5,0.9,.195,,3.7,1.5,5.2,0.4
Ed Davis,C,31,MIN,6,80,12.1,.346,.000,.235,21.4,29.7,25.2,9.5,0.6,3.3,9.6,10.8,,0.1,0.0,0.1,.056,,-4.1,-3.1,-7.2,-0.1
Terence Davis,SG,23,TOR,4,41,15.1,.686,.467,.267,2.4,15.6,8.7,16.9,1.1,2.3,23.0,22.3,,0.0,0.0,0.1,.101,,-0.5,0.7,0.1,0.0
DeMar DeRozan,SF,31,SAS,7,230,22.3,.587,.155,.402,2.1,16.3,8.9,32.0,1.2,1.8,8.8,22.9,,0.7,0.1,0.9,.184,,3.2,0.3,3.4,0.3
Hamidou Diallo,SG,22,OKC,6,115,14.6,.535,.095,.357,7.3,20.8,14.2,10.5,2.1,1.4,14.1,21.3,,0.0,0.2,0.2,.064,,-3.4,0.4,-3.1,0.0
Gorgui Dieng,C,31,MEM,7,121,21.9,.657,.438,.104,6.7,21.5,14.0,13.2,2.0,3.5,12.2,19.8,,0.3,0.2,0.5,.183,,2.9,1.4,4.3,0.2
Spencer Dinwiddie,SG,27,BRK,3,64,10.5,.536,.438,.375,0.0,18.8,10.2,18.0,1.5,1.2,21.2,15.5,,0.0,0.1,0.1,.077,,-3.4,2.0,-1.4,0.0
Donte DiVincenzo,SG,24,MIL,7,169,19.4,.679,.581,.048,5.2,9.4,7.4,13.2,3.3,1.1,14.8,18.1,,0.4,0.3,0.7,.195,,3.7,0.5,4.2,0.3
Luka Dončić,PG,21,DAL,6,194,24.1,.544,.342,.425,2.8,27.8,15.3,43.2,0.8,1.1,13.4,37.3,,0.3,0.3,0.6,.148,,4.6,0.0,4.5,0.3
Luguentz Dort,SG,21,OKC,6,166,15.5,.630,.517,.283,3.2,8.4,5.8,6.1,1.7,1.0,8.2,19.2,,0.3,0.1,0.4,.122,,-0.1,-0.1,-0.2,0.1
Damyean Dotson,SG,26,CLE,6,119,8.3,.602,.621,.069,0.9,5.5,3.2,7.2,1.2,0.0,14.3,12.6,,0.0,0.1,0.2,.066,,-2.1,-0.2,-2.3,0.0
Devon Dotson,PG,21,CHI,1,10,6.9,.500,.000,.000,0.0,10.8,5.4,0.0,0.0,0.0,0.0,16.3,,0.0,0.0,0.0,-0.011,,-6.2,-2.3,-8.5,0.0
Sekou Doumbouya,PF,20,DET,7,91,12.4,.452,.359,.179,6.8,19.9,12.8,6.5,2.1,1.1,2.3,20.0,,0.0,0.1,0.1,.047,,-1.8,-1.8,-3.6,0.0
PJ Dozier,SG,24,DEN,7,130,10.8,.511,.297,.189,7.5,18.7,13.3,6.1,0.4,4.3,13.0,15.2,,0.0,0.0,0.1,.027,,-1.8,-2.8,-4.6,-0.1
Goran Dragić,PG,34,MIA,6,140,17.8,.595,.377,.328,1.7,10.5,6.5,39.9,1.7,0.0,19.6,27.4,,0.2,0.2,0.3,.119,,0.4,-0.7,-0.3,0.1
Andre Drummond,C,27,CLE,7,208,20.5,.467,.048,.324,13.9,37.1,25.4,18.0,3.0,6.1,15.5,29.4,,-0.2,0.6,0.4,.095,,-1.2,1.7,0.5,0.1
Jared Dudley,PF,35,LAL,4,13,18.9,1.500,1.000,.000,8.7,30.8,20.4,9.3,0.0,0.0,0.0,3.3,,0.1,0.0,0.1,.264,,6.6,0.8,7.4,0.0
Kevin Durant,PF,32,BRK,6,205,26.8,.661,.314,.495,1.6,17.6,10.2,23.2,1.6,1.9,14.1,30.5,,0.8,0.3,1.1,.248,,5.7,0.8,6.5,0.4
Anthony Edwards,SG,19,MIN,7,176,11.1,.489,.447,.128,2.9,6.7,4.6,12.5,1.1,1.0,10.0,26.0,,-0.1,-0.1,-0.2,-0.042,,-1.9,-3.8,-5.7,-0.2
Carsen Edwards,SG,22,BOS,3,19,8.3,.409,.273,.000,5.8,12.1,8.9,15.4,0.0,4.7,8.3,26.8,,0.0,0.0,0.0,-0.054,,-6.5,-5.0,-11.5,0.0
CJ Elleby,SF,20,POR,3,17,5.2,.368,.600,.200,6.0,6.4,6.2,16.8,0.0,0.0,0.0,13.6,,0.0,0.0,0.0,-0.019,,-5.6,-3.3,-8.9,0.0
Wayne Ellington,SG,33,DET,2,45,17.2,.688,.647,.059,2.3,10.8,6.2,7.2,1.1,0.0,5.4,17.3,,0.1,0.0,0.1,.135,,0.9,-1.9,-1.0,0.0
Joel Embiid,C,26,PHI,6,192,27.6,.633,.209,.628,8.0,30.4,19.9,15.3,1.5,4.4,12.0,27.4,,0.7,0.5,1.2,.293,,5.1,2.1,7.2,0.4
Drew Eubanks,PF,23,SAS,3,58,4.8,.305,.000,.308,1.7,21.6,11.2,2.1,0.8,8.4,6.3,11.4,,-0.1,0.1,0.0,-0.038,,-7.9,0.3,-7.6,-0.1
Dante Exum,SG,25,CLE,6,116,6.2,.428,.423,.077,1.8,14.1,7.9,15.4,1.7,1.7,20.7,12.6,,-0.1,0.2,0.1,.022,,-4.8,1.7,-3.1,0.0
Tacko Fall,C,25,BOS,1,6,28.2,.532,.000,2.000,18.5,0.0,9.4,0.0,0.0,29.6,0.0,13.3,,0.0,0.0,0.0,.272,,0.7,1.0,1.7,0.0
Derrick Favors,C,29,UTA,7,111,22.3,.629,.000,.389,12.5,24.5,18.7,14.2,0.9,3.6,8.7,17.5,,0.4,0.1,0.5,.235,,1.0,1.4,2.4,0.1
Cristiano Felício,C,28,CHI,1,6,12.0,.000,.000,2.000,36.5,18.0,27.2,40.1,0.0,0.0,0.0,12.8,,0.0,0.0,0.0,-0.020,,2.2,-2.7,-0.5,0.0
Terrance Ferguson,SG,22,PHI,3,15,-7.2,.000,1.000,.000,0.0,6.5,3.4,7.9,0.0,0.0,0.0,8.4,,-0.1,0.0,0.0,-0.124,,-12.0,-3.2,-15.2,0.0
Bruno Fernando,C,22,ATL,6,65,8.8,.484,.111,.333,13.4,35.7,25.0,7.8,1.5,1.3,40.4,11.1,,-0.1,0.1,0.0,.033,,-3.5,-0.3,-3.8,0.0
Dorian Finney-Smith,PF,27,DAL,7,198,10.5,.535,.660,.132,4.4,13.4,8.9,4.5,2.0,1.6,6.7,13.4,,0.1,0.3,0.4,.099,,-1.8,-0.1,-1.9,0.0
Malachi Flynn,PG,22,TOR,3,20,-12.4,.000,.750,.000,0.0,0.0,0.0,6.5,2.3,0.0,0.0,16.8,,-0.2,0.0,-0.2,-0.365,,-15.6,-5.1,-20.6,-0.1
Bryn Forbes,SG,27,MIL,7,120,10.1,.620,.553,.106,0.9,6.2,3.6,1.1,0.4,0.0,10.9,19.0,,0.1,0.1,0.2,.065,,-2.4,-3.8,-6.2,-0.1
Trent Forrest,PG,22,UTA,1,8,19.7,1.136,,,0.0,0.0,0.0,15.0,6.0,0.0,0.0,4.6,,0.0,0.0,0.1,.326,,-0.8,6.6,5.8,0.0
Evan Fournier,SF,28,ORL,5,127,18.2,.671,.511,.511,1.5,5.1,3.2,11.7,2.6,0.0,14.0,20.8,,0.3,0.2,0.5,.192,,0.3,-0.4,-0.1,0.1
De'Aaron Fox,PG,23,SAC,7,237,17.9,.513,.242,.383,2.5,7.8,4.9,30.6,2.6,2.7,13.6,28.3,,0.2,0.2,0.3,.068,,1.2,0.1,1.3,0.2
Markelle Fultz,PG,22,ORL,7,211,12.5,.459,.158,.178,2.3,10.1,6.0,30.7,1.6,0.8,14.2,24.8,,-0.1,0.3,0.2,.042,,-2.9,-1.9,-4.9,-0.2
Daniel Gafford,PF,22,CHI,7,102,20.5,.708,.000,.870,10.7,9.5,10.1,5.8,1.8,5.6,5.9,13.5,,0.4,0.1,0.5,.218,,1.0,0.3,1.3,0.1
Danilo Gallinari,PF,32,ATL,2,28,22.3,.922,.375,.500,0.0,18.0,9.3,16.8,0.0,0.0,23.5,19.0,,0.1,0.0,0.1,.220,,5.4,0.7,6.0,0.1
Langston Galloway,SG,29,PHO,7,62,16.6,.661,.682,.227,1.8,5.5,3.7,9.7,0.0,0.0,4.0,18.4,,0.2,0.1,0.2,.189,,3.6,-1.1,2.5,0.1
Darius Garland,PG,21,CLE,6,215,14.4,.560,.364,.102,1.5,8.6,5.0,28.1,1.8,0.9,16.4,22.0,,0.2,0.3,0.5,.101,,0.2,0.1,0.3,0.1
Marc Gasol,C,36,LAL,8,155,13.6,.661,.524,.429,8.0,23.3,16.1,15.5,0.9,5.4,28.6,9.6,,0.2,0.3,0.6,.175,,-1.9,3.0,1.1,0.1
Rudy Gay,PF,34,SAS,7,174,14.2,.512,.512,.134,3.3,16.8,9.8,9.2,1.3,3.7,8.4,22.9,,0.0,0.2,0.1,.035,,-0.7,-0.7,-1.4,0.0
Paul George,SF,30,LAC,7,230,24.6,.675,.517,.237,1.0,18.8,9.9,27.2,2.6,1.8,19.7,31.5,,0.5,0.2,0.7,.150,,6.4,0.3,6.7,0.5
Harry Giles,C,22,POR,4,31,15.4,.604,.222,.444,3.3,42.2,22.1,9.8,0.0,9.1,21.8,18.9,,0.0,0.0,0.0,.054,,-3.1,1.3,-1.7,0.0
Shai Gilgeous-Alexander,SG,22,OKC,6,195,15.4,.532,.398,.301,1.6,12.3,7.1,34.9,0.7,1.2,15.3,27.7,,0.1,0.1,0.2,.049,,-0.1,-1.5,-1.5,0.0
Anthony Gill,PF,28,WAS,2,8,21.1,1.500,1.000,.000,0.0,0.0,0.0,0.0,5.7,0.0,0.0,5.1,,0.0,0.0,0.0,.186,,7.2,2.7,10.0,0.0
Rudy Gobert,C,28,UTA,7,207,23.0,.611,.000,.547,11.9,34.1,23.3,9.7,0.9,5.7,13.1,18.6,,0.5,0.4,0.9,.202,,1.6,1.3,3.0,0.3
Brandon Goodwin,PG,25,ATL,5,63,8.4,.453,.471,.235,1.7,6.4,4.2,18.9,0.8,0.0,5.1,13.0,,0.1,0.0,0.1,.062,,-1.8,-0.7,-2.5,0.0
Aaron Gordon,PF,25,ORL,7,174,18.6,.554,.377,.286,6.1,23.4,14.3,10.7,1.6,1.5,9.4,22.6,,0.2,0.3,0.5,.150,,1.8,-0.1,1.6,0.2
Eric Gordon,SG,32,HOU,3,85,20.9,.613,.714,.286,2.6,10.0,6.4,12.1,2.8,2.1,11.3,27.7,,0.2,0.1,0.2,.131,,3.0,0.5,3.5,0.1
Devonte' Graham,PG,25,CHO,7,215,9.0,.390,.624,.094,1.8,8.8,5.1,27.9,1.7,0.0,5.3,18.0,,-0.1,0.1,0.1,.018,,-1.8,-1.8,-3.6,-0.1
Jerami Grant,SF,26,DET,7,254,18.0,.558,.420,.229,2.8,14.8,8.3,8.0,1.3,3.8,6.5,25.6,,0.4,0.2,0.5,.097,,1.4,-1.0,0.4,0.1
Danny Green,SF,33,PHI,7,159,11.0,.543,.786,.119,4.1,7.4,5.8,11.1,2.7,2.1,15.3,13.9,,0.1,0.3,0.4,.116,,-1.6,2.0,0.3,0.1
Draymond Green,PF,30,GSW,3,67,8.0,.307,.625,.500,0.0,17.7,8.9,30.8,2.6,1.3,23.5,7.7,,0.0,0.1,0.1,.049,,-4.3,2.5,-1.8,0.0
JaMychal Green,PF,30,DEN,3,59,22.0,.795,.619,.381,6.2,23.6,15.1,15.5,2.5,0.0,24.6,23.7,,0.1,0.0,0.2,.145,,3.1,-0.3,2.8,0.1
Javonte Green,SG,27,BOS,2,25,13.3,.563,.375,.000,13.3,9.2,11.3,5.5,0.0,0.0,11.1,15.3,,0.0,0.0,0.0,.067,,2.2,-3.1,-0.8,0.0
Jeff Green,PF,34,BRK,8,126,9.4,.678,.435,.130,2.6,8.8,6.0,6.2,0.7,0.6,7.6,8.8,,0.2,0.1,0.3,.115,,-2.3,-0.3,-2.6,0.0
Josh Green,SG,20,DAL,5,30,8.2,.615,.000,.500,7.3,11.0,9.2,9.3,0.0,0.0,29.1,10.1,,0.0,0.0,0.0,.061,,-4.2,-2.3,-6.5,0.0
Blake Griffin,PF,31,DET,4,126,15.0,.555,.647,.216,0.0,20.2,9.3,15.8,1.9,0.0,8.2,20.4,,0.1,0.1,0.2,.077,,1.1,-0.9,0.3,0.1
Kyle Guy,PG,23,SAC,3,28,14.7,.440,.364,.545,0.0,20.5,9.5,30.0,0.0,0.0,0.0,20.2,,0.0,0.0,0.1,.088,,0.6,-1.6,-1.0,0.0
Rui Hachimura,PF,22,WAS,3,78,16.9,.616,.185,.667,5.4,9.8,7.6,14.2,1.2,0.0,10.3,20.3,,0.2,0.0,0.2,.135,,-0.1,-2.6,-2.8,0.0
Tyrese Haliburton,PG,20,SAC,5,134,18.6,.706,.588,.235,2.2,6.0,4.0,23.9,1.8,1.3,9.6,12.8,,0.5,0.1,0.5,.186,,3.3,0.8,4.0,0.2
Josh Hall,SF,20,OKC,3,18,-10.4,.169,.625,.250,5.8,16.6,11.3,15.7,0.0,0.0,10.1,23.8,,-0.1,0.0,-0.1,-0.328,,-14.7,-4.8,-19.5,-0.1
R.J. Hampton,PG,19,DEN,5,7,3.1,.500,.000,.000,17.4,16.6,17.0,0.0,0.0,0.0,33.3,18.4,,0.0,0.0,0.0,-0.123,,-9.4,-5.9,-15.3,0.0
Tim Hardaway Jr.,SG,28,DAL,7,208,16.5,.590,.634,.194,0.5,14.3,7.4,11.5,1.4,0.5,7.3,23.1,,0.3,0.2,0.5,.123,,2.3,-0.5,1.8,0.2
James Harden,SG,31,HOU,4,152,31.6,.672,.564,.590,2.2,11.2,6.8,51.2,1.6,0.6,15.5,33.8,,0.9,0.1,0.9,.289,,9.5,-0.7,8.8,0.4
Maurice Harkless,SF,27,MIA,6,49,-4.9,.218,.667,.333,0.0,10.8,5.8,2.6,0.0,0.0,22.5,8.0,,-0.1,0.0,-0.1,-0.104,,-9.7,-2.1,-11.8,-0.1
Jared Harper,PG,23,NYK,2,5,-11.7,.532,.000,2.000,0.0,0.0,0.0,0.0,0.0,0.0,51.5,33.5,,0.0,0.0,0.0,-0.446,,-15.0,-8.5,-23.5,0.0
Montrezl Harrell,C,27,LAL,8,195,21.0,.639,.045,.394,13.3,19.0,16.3,8.1,1.5,0.9,12.4,19.3,,0.6,0.3,0.9,.222,,1.0,-0.8,0.2,0.1
Gary Harris,SG,26,DEN,7,217,5.4,.431,.410,.148,1.1,5.9,3.6,6.6,1.6,0.9,8.5,14.0,,-0.2,0.0,-0.2,-0.036,,-5.3,-2.6,-7.9,-0.3
Joe Harris,SF,29,BRK,8,230,15.0,.663,.577,.077,3.8,8.5,6.3,7.5,1.0,1.0,8.0,16.0,,0.5,0.2,0.7,.150,,1.4,-0.9,0.6,0.2
Tobias Harris,PF,28,PHI,7,221,22.6,.627,.353,.127,6.0,19.4,13.1,15.7,1.9,3.5,11.5,23.2,,0.5,0.5,1.0,.223,,4.4,1.6,6.1,0.5
Shaquille Harrison,SG,27,UTA,3,16,19.5,.654,.000,.333,0.0,6.3,3.2,10.7,3.0,0.0,12.7,20.7,,0.0,0.0,0.0,.125,,-1.1,0.8,-0.3,0.0
Josh Hart,SF,25,NOP,7,199,11.0,.543,.644,.378,3.8,27.8,15.8,5.8,1.2,0.6,8.7,12.3,,0.2,0.3,0.5,.120,,-1.6,0.0,-1.5,0.0
Isaiah Hartenstein,C,22,DEN,5,46,17.6,.511,.000,.455,23.8,22.7,23.2,6.8,1.1,6.1,15.9,29.3,,0.0,0.0,0.0,.045,,-4.4,-3.9,-8.3,-0.1
Jaxson Hayes,C,20,NOP,7,83,13.6,.585,.000,.643,13.0,26.2,19.6,6.8,1.2,7.0,25.0,12.2,,0.1,0.2,0.2,.136,,-3.4,1.4,-2.0,0.0
Killian Hayes,PG,19,DET,7,148,-1.1,.334,.426,.043,0.7,5.7,3.0,23.1,0.6,0.0,26.2,18.5,,-0.5,0.0,-0.6,-0.179,,-9.3,-4.2,-13.6,-0.4
Gordon Hayward,SF,30,CHO,7,236,16.2,.560,.321,.165,0.8,17.5,8.6,23.0,2.2,0.8,11.4,23.2,,0.2,0.2,0.5,.096,,0.4,-0.4,0.1,0.1
Juan Hernangómez,PF,25,MIN,7,123,11.5,.481,.523,.091,4.9,22.2,12.8,4.6,1.5,1.4,4.2,16.1,,0.0,0.0,0.0,.018,,-2.2,-2.4,-4.5,-0.1
Willy Hernangómez,C,26,NOP,1,7,2.9,.181,.000,4.000,0.0,62.1,30.9,18.1,0.0,0.0,0.0,16.7,,0.0,0.0,0.0,-0.111,,-2.6,-1.9,-4.4,0.0
Tyler Herro,SG,21,MIA,6,195,12.5,.556,.438,.137,0.6,20.0,11.0,22.7,0.7,0.0,15.3,20.7,,0.0,0.2,0.3,.067,,-1.2,-0.6,-1.8,0.0
Buddy Hield,SG,28,SAC,7,250,9.0,.513,.706,.137,1.2,11.9,6.2,10.1,0.8,1.1,11.5,20.2,,0.0,0.1,0.0,.006,,-1.4,-1.8,-3.2,-0.1
George Hill,PG,34,OKC,5,122,20.7,.646,.500,.174,3.4,4.9,4.2,26.0,1.6,0.7,7.5,19.0,,0.4,0.1,0.5,.183,,3.4,-0.6,2.8,0.1
Solomon Hill,PF,29,ATL,7,123,4.9,.495,.794,.088,3.5,9.8,6.8,1.1,0.8,2.1,12.4,13.6,,0.0,0.1,0.0,.009,,-3.6,-1.8,-5.5,-0.1
Nate Hinton,SG,21,DAL,1,0,,.000,1.000,.000,,,,,,,0.0,,,0.0,0.0,0.0,,,-81.4,-51.4,-132.7,0.0
Aaron Holiday,PG,24,IND,7,140,6.6,.444,.535,.047,2.5,7.8,5.2,9.1,2.4,1.2,10.2,15.3,,-0.1,0.2,0.0,.015,,-4.7,-0.1,-4.8,-0.1
Jrue Holiday,PG,30,MIL,7,212,21.8,.627,.422,.084,3.6,10.5,7.1,23.4,3.3,1.7,10.4,18.7,,0.7,0.3,1.1,.242,,3.4,1.4,4.8,0.4
Justin Holiday,SG,31,IND,7,204,11.1,.626,.604,.146,2.3,10.1,6.4,6.9,2.3,1.2,13.5,12.7,,0.2,0.3,0.4,.101,,-1.1,0.5,-0.6,0.1
Richaun Holmes,C,27,SAC,7,192,19.4,.687,.000,.241,10.9,22.7,16.4,5.7,2.0,2.8,14.3,15.0,,0.5,0.2,0.7,.168,,-0.4,0.3,-0.1,0.1
Rodney Hood,SF,28,POR,5,66,4.0,.393,.429,.000,0.0,11.6,5.6,14.0,2.1,0.0,22.2,11.6,,-0.1,0.0,-0.1,-0.063,,-5.9,-1.2,-7.1,-0.1
Al Horford,C,34,OKC,5,131,13.4,.530,.595,.024,2.4,25.1,14.0,18.3,0.4,1.2,6.6,15.0,,0.1,0.1,0.3,.093,,0.3,-0.1,0.2,0.1
Talen Horton-Tucker,SG,20,LAL,7,108,14.6,.504,.357,.143,3.1,11.1,7.4,11.2,2.7,3.9,6.3,18.8,,0.1,0.2,0.3,.141,,-1.9,1.8,-0.1,0.1
Danuel House,SF,27,HOU,4,130,7.1,.478,.556,.370,0.9,13.9,7.6,9.6,0.4,0.7,3.1,11.0,,0.1,0.0,0.1,.031,,-4.1,-1.7,-5.7,-0.1
Dwight Howard,C,35,PHI,7,97,14.6,.721,.040,.440,15.8,27.1,21.8,6.3,1.0,3.5,34.9,19.9,,0.0,0.2,0.2,.112,,-5.3,0.2,-5.1,-0.1
Markus Howard,SG,21,DEN,3,2,-20.5,.000,1.000,.000,0.0,0.0,0.0,0.0,0.0,0.0,0.0,21.5,,0.0,0.0,0.0,-0.544,,-21.9,-13.3,-35.2,0.0
Kevin Huerter,SG,22,ATL,7,182,14.8,.571,.507,.104,4.2,8.3,6.3,16.0,2.6,0.5,11.4,18.1,,0.3,0.2,0.5,.122,,0.4,0.4,0.8,0.1
Elijah Hughes,SF,22,UTA,3,16,1.9,.410,.625,.500,0.0,18.9,9.7,8.8,0.0,4.9,23.5,33.6,,-0.1,0.0,-0.1,-0.225,,-7.8,-3.9,-11.7,0.0
De'Andre Hunter,SF,23,ATL,7,226,16.6,.660,.455,.208,2.9,18.3,10.9,9.2,0.6,1.5,8.7,16.9,,0.6,0.2,0.8,.161,,2.4,-0.3,2.0,0.2
Chandler Hutchison,SF,24,CHI,4,52,4.0,.385,.188,.125,2.1,33.3,17.8,10.5,0.9,0.0,15.1,15.6,,-0.1,0.0,-0.1,-0.057,,-7.6,-1.2,-8.9,-0.1
Serge Ibaka,C,31,LAC,8,190,17.7,.573,.360,.213,6.0,23.3,14.7,10.6,0.5,5.4,8.9,21.2,,0.3,0.1,0.5,.116,,0.4,-1.3,-0.9,0.1
Andre Iguodala,SF,37,MIA,5,91,4.2,.450,.750,.000,2.7,17.4,10.6,8.9,2.1,2.3,25.9,13.1,,-0.2,0.1,0.0,-0.015,,-5.1,1.9,-3.2,0.0
Joe Ingles,SF,33,UTA,7,181,12.3,.592,.608,.137,3.0,13.9,8.6,18.9,0.8,0.4,16.9,15.1,,0.3,0.1,0.4,.101,,-0.9,-0.1,-0.9,0.0
Brandon Ingram,SF,23,NOP,7,239,23.4,.567,.328,.343,1.8,18.6,10.2,31.1,1.0,2.9,10.5,30.6,,0.6,0.4,1.0,.199,,6.7,0.4,7.1,0.5
Kyrie Irving,PG,28,BRK,7,231,27.7,.630,.433,.156,2.4,12.8,8.0,32.8,2.2,0.7,9.1,30.1,,1.0,0.3,1.3,.268,,6.4,0.9,7.3,0.5
Wesley Iwundu,SF,26,DAL,4,20,22.9,.643,.300,.200,0.0,11.0,5.5,0.0,2.4,0.0,0.0,24.0,,0.0,0.0,0.1,.173,,1.9,0.8,2.7,0.0
Josh Jackson,SG,23,DET,6,145,18.0,.570,.387,.200,2.8,19.2,10.3,14.7,2.0,2.7,11.9,27.0,,0.1,0.1,0.2,.070,,0.7,0.1,0.8,0.1
Justin Jackson,SF,25,OKC,2,48,4.6,.474,.615,.308,2.2,16.6,9.6,9.5,1.0,0.0,25.3,17.9,,-0.1,0.0,-0.1,-0.072,,-7.0,-1.8,-8.9,-0.1
Reggie Jackson,SG,30,LAC,8,120,13.8,.566,.595,.119,1.0,11.4,6.2,20.9,1.7,0.8,10.2,18.3,,0.2,0.0,0.2,.087,,-0.8,-1.6,-2.3,0.0
Justin James,SF,24,SAC,2,11,12.0,.581,.333,.333,0.0,0.0,0.0,14.2,0.0,0.0,0.0,12.9,,0.0,0.0,0.0,.063,,0.1,-2.7,-2.6,0.0
LeBron James,PG,36,LAL,8,259,24.6,.572,.322,.275,3.5,24.0,14.4,36.3,1.7,1.0,14.8,32.2,,0.6,0.5,1.1,.201,,4.7,0.6,5.3,0.5
Isaiah Joe,SG,21,PHI,3,20,2.6,.200,.600,.000,5.5,19.5,12.9,25.1,2.4,0.0,16.7,12.7,,0.0,0.0,0.0,.007,,-9.8,2.0,-7.8,0.0
Cameron Johnson,PF,24,PHO,7,157,20.1,.660,.683,.159,1.5,12.4,6.9,8.1,1.6,1.7,4.3,20.3,,0.5,0.2,0.7,.214,,4.7,1.2,5.8,0.3
James Johnson,PF,33,DAL,7,110,10.7,.394,.379,.310,4.0,20.0,12.0,19.4,4.4,1.9,15.4,15.6,,-0.1,0.2,0.1,.060,,-3.5,3.1,-0.4,0.0
Keldon Johnson,SF,21,SAS,7,208,17.5,.581,.293,.256,5.5,22.1,13.5,12.4,2.0,1.9,14.1,21.5,,0.2,0.2,0.4,.098,,0.1,0.0,0.1,0.1
Stanley Johnson,PF,24,TOR,5,59,8.4,.318,.545,.000,6.6,19.9,13.0,11.8,4.7,1.6,21.4,10.0,,-0.1,0.1,0.1,.044,,-4.1,3.5,-0.6,0.0
Tyler Johnson,SG,28,BRK,4,30,20.7,.643,.714,.000,3.6,3.1,3.3,30.1,4.7,0.0,0.0,9.8,,0.1,0.0,0.2,.278,,5.4,4.8,10.2,0.1
Nikola Jokić,C,25,DEN,7,251,31.1,.700,.168,.446,10.7,27.7,19.4,52.5,1.9,1.5,23.0,26.8,,1.3,0.2,1.5,.288,,7.9,2.5,10.5,0.8
Damian Jones,C,25,PHO,4,30,2.6,.333,.000,.000,11.4,11.4,11.4,0.0,1.7,5.9,40.0,7.5,,0.0,0.1,0.0,.030,,-9.3,1.3,-8.1,0.0
Derrick Jones Jr.,SF,23,POR,7,215,6.0,.404,.432,.409,4.8,8.6,6.6,3.7,2.2,2.2,8.8,11.3,,-0.2,0.1,-0.1,-0.013,,-5.4,-1.0,-6.4,-0.2
Tre Jones,PG,21,SAS,2,10,47.0,.661,.000,.429,28.8,0.0,15.0,20.7,0.0,0.0,0.0,34.9,,0.1,0.0,0.1,.461,,17.5,-2.4,15.0,0.0
Tyus Jones,PG,24,MEM,7,180,11.9,.445,.333,.093,0.6,8.1,4.3,25.6,2.4,1.4,9.6,14.5,,0.0,0.2,0.2,.054,,-2.5,1.0,-1.5,0.0
DeAndre Jordan,C,32,BRK,8,142,12.8,.742,.000,.882,8.4,28.0,19.0,10.9,0.7,6.1,38.9,11.4,,0.1,0.3,0.4,.121,,-4.3,2.8,-1.5,0.0
Cory Joseph,PG,29,SAC,7,165,10.4,.543,.356,.378,2.4,11.1,6.5,15.5,1.7,2.2,17.3,15.9,,0.1,0.1,0.2,.049,,-3.9,0.8,-3.2,-0.1
Mfiondu Kabengele,PF,23,LAC,5,31,-2.3,.253,.667,.222,0.0,14.7,7.4,8.0,3.2,3.3,16.8,17.1,,-0.1,0.0,-0.1,-0.158,,-11.9,-1.1,-13.0,-0.1
Frank Kaminsky,C,27,PHO,5,40,13.5,.430,.222,.222,14.2,11.4,12.8,15.4,0.0,2.2,4.8,23.4,,0.0,0.0,0.1,.080,,-2.0,-1.9,-3.9,0.0
Enes Kanter,C,28,POR,7,142,25.2,.701,.000,.383,17.3,31.5,24.2,3.5,0.7,0.7,9.8,18.2,,0.6,0.1,0.7,.237,,2.8,-3.4,-0.6,0.0
Luke Kennard,SG,24,LAC,8,197,8.7,.566,.491,.123,0.6,13.8,7.2,10.7,0.8,0.5,16.6,16.4,,0.0,0.0,0.0,.010,,-2.8,-2.6,-5.4,-0.2
Maxi Kleber,PF,29,DAL,7,159,14.8,.754,.897,.483,4.1,21.5,12.8,7.2,0.9,2.6,12.5,11.1,,0.4,0.2,0.6,.193,,1.2,0.6,1.9,0.2
Nathan Knight,PF,23,ATL,3,15,26.3,.761,.429,.714,21.7,20.2,20.9,0.0,0.0,0.0,24.6,33.8,,0.0,0.0,0.1,.180,,4.2,-3.1,1.1,0.0
Kevin Knox,SF,21,NYK,7,155,7.5,.504,.558,.140,3.6,9.7,6.8,8.4,0.9,2.5,14.9,14.9,,-0.1,0.2,0.1,.032,,-2.4,0.3,-2.1,0.0
John Konchar,SG,24,MEM,5,98,18.4,.566,.348,.261,5.2,19.1,12.1,19.4,3.4,1.7,3.8,11.4,,0.2,0.2,0.4,.197,,0.4,3.8,4.2,0.2
Furkan Korkmaz,SG,23,PHI,3,55,0.5,.362,.667,.083,0.0,10.6,5.6,7.4,1.7,3.1,19.4,23.7,,-0.3,0.1,-0.2,-0.136,,-7.3,-1.8,-9.2,-0.1
Luke Kornet,PF,25,CHI,1,7,2.3,.347,1.000,1.000,0.0,15.5,7.8,0.0,6.5,0.0,25.8,22.6,,0.0,0.0,0.0,-0.181,,-8.8,-0.6,-9.4,0.0
Rodions Kurucs,PF,22,BRK,3,12,5.3,.500,.667,.000,0.0,23.2,12.5,0.0,0.0,0.0,0.0,10.5,,0.0,0.0,0.0,.058,,-3.9,-1.7,-5.6,0.0
Kyle Kuzma,SF,25,LAL,8,209,10.2,.560,.507,.080,2.7,12.0,7.6,7.1,0.5,3.2,15.3,18.7,,0.0,0.3,0.3,.067,,-2.5,-1.1,-3.6,-0.1
Zach LaVine,SG,25,CHI,8,271,16.9,.571,.432,.315,1.2,13.6,7.4,21.9,2.0,2.1,17.0,30.1,,0.1,0.2,0.3,.051,,-0.2,-1.0,-1.2,0.1
Jake Layman,SF,26,MIN,7,110,11.9,.564,.357,.536,0.0,7.6,3.5,7.4,3.0,2.4,8.0,14.2,,0.1,0.0,0.2,.069,,-4.2,0.7,-3.5,0.0
Jalen Lecque,PG,20,IND,2,4,44.3,.615,.000,.500,29.2,54.5,42.3,38.4,0.0,0.0,0.0,26.7,,0.0,0.0,0.0,.559,,12.8,3.7,16.5,0.0
Damion Lee,SG,28,GSW,7,124,14.3,.712,.857,.179,3.2,19.9,11.6,12.1,1.1,0.0,3.2,10.2,,0.4,0.1,0.4,.166,,0.7,-0.7,0.0,0.1
Alex Len,C,27,TOR,4,50,8.3,.768,.500,.500,0.0,21.3,10.2,8.9,0.0,7.5,38.1,13.2,,0.0,0.1,0.0,.027,,-4.4,2.4,-2.0,0.0
Kawhi Leonard,SF,29,LAC,6,205,25.8,.524,.227,.277,5.6,13.9,9.7,32.7,2.9,3.5,5.0,30.6,,0.6,0.2,0.8,.197,,4.0,0.8,4.8,0.4
Meyers Leonard,C,28,MIA,2,22,8.7,.750,1.000,.000,0.0,14.4,7.7,6.8,0.0,0.0,14.3,14.1,,0.0,0.0,0.0,.095,,-2.0,-0.8,-2.8,0.0
Caris LeVert,SG,26,BRK,8,204,16.4,.463,.317,.100,3.2,11.4,7.6,33.5,2.5,2.3,11.9,29.3,,0.0,0.3,0.3,.065,,-1.0,0.2,-0.8,0.1
Kira Lewis Jr.,PG,19,NOP,2,13,3.2,.286,.286,.000,0.0,0.0,0.0,12.1,3.7,0.0,0.0,22.8,,0.0,0.0,0.0,-0.096,,-6.7,-1.4,-8.1,0.0
Damian Lillard,PG,30,POR,7,252,21.3,.589,.561,.386,0.8,12.5,6.5,30.4,0.7,0.7,12.0,29.6,,0.7,0.0,0.7,.129,,4.3,-2.9,1.4,0.2
Kevon Looney,C,24,GSW,7,103,13.1,.618,.091,.318,6.8,14.4,10.6,16.3,0.9,0.9,10.7,11.1,,0.2,0.0,0.3,.129,,-1.8,-0.4,-2.3,0.0
Brook Lopez,C,32,MIL,7,160,12.9,.589,.553,.149,8.3,11.3,9.8,1.5,1.2,5.0,10.7,14.5,,0.2,0.2,0.4,.132,,-1.0,-1.3,-2.4,0.0
Robin Lopez,C,32,WAS,7,110,11.5,.601,.143,.429,8.6,19.9,14.1,3.6,0.4,3.9,15.3,14.5,,0.1,0.1,0.2,.069,,-3.8,-1.9,-5.6,-0.1
Kevin Love,PF,32,CLE,2,46,11.4,.470,.500,.278,4.6,23.7,14.1,15.9,1.1,0.0,12.9,21.7,,0.0,0.1,0.1,.058,,-1.2,-0.8,-2.1,0.0
Kyle Lowry,PG,34,TOR,6,220,15.8,.576,.571,.357,2.2,10.7,6.3,33.9,1.7,0.0,16.4,22.2,,0.4,0.2,0.6,.129,,1.0,-0.8,0.2,0.1
Timothé Luwawu-Cabarrot,SF,25,BRK,8,156,11.2,.605,.625,.107,2.1,8.3,5.4,7.2,0.9,0.5,13.3,18.2,,0.1,0.1,0.3,.077,,-1.5,-1.8,-3.3,-0.1
Trey Lyles,PF,25,SAS,3,29,8.4,.388,.500,.167,6.6,36.0,20.7,4.2,0.0,0.0,0.0,9.3,,0.0,0.0,0.0,.029,,-2.5,-3.3,-5.9,0.0
Thon Maker,C,23,CLE,4,38,15.3,.752,.000,1.000,8.4,14.3,11.3,7.4,1.3,5.1,25.8,13.2,,0.1,0.1,0.1,.172,,-3.1,1.9,-1.2,0.0
Théo Maledon,PG,19,OKC,6,124,6.6,.526,.694,.250,0.8,7.2,4.1,18.8,1.9,0.0,25.9,18.9,,-0.2,0.1,-0.1,-0.044,,-5.5,-1.3,-6.8,-0.2
Karim Mané,PG,20,ORL,2,22,-4.1,.000,.000,.000,0.0,19.5,9.2,0.0,0.0,0.0,0.0,5.6,,-0.1,0.0,0.0,-0.084,,-11.4,-1.2,-12.6,-0.1
Terance Mann,SG,24,LAC,7,78,1.2,.300,.150,.000,5.9,18.9,12.4,8.4,0.0,2.6,16.7,13.8,,-0.2,0.0,-0.2,-0.100,,-8.4,-3.3,-11.7,-0.2
Nico Mannion,PG,19,GSW,1,8,-1.1,.000,.500,.000,0.0,24.7,12.4,29.8,0.0,0.0,0.0,10.1,,0.0,0.0,0.0,-0.137,,-11.7,-2.2,-13.9,0.0
Boban Marjanović,C,32,DAL,4,28,25.0,.605,.143,.143,19.6,31.5,25.5,0.0,0.0,0.0,6.3,25.0,,0.1,0.0,0.1,.169,,2.1,-5.1,-3.0,0.0
Lauri Markkanen,PF,23,CHI,4,106,19.9,.664,.523,.409,4.1,23.5,13.9,7.6,1.3,0.9,11.9,22.7,,0.2,0.1,0.3,.146,,2.9,-0.9,2.0,0.1
Caleb Martin,SF,25,CHO,6,94,17.5,.604,.375,.313,4.1,13.1,8.3,16.5,3.0,1.0,12.1,18.3,,0.1,0.1,0.2,.122,,2.1,0.9,3.0,0.1
Cody Martin,SF,25,CHO,5,78,11.2,.535,.267,.133,5.0,15.7,10.0,17.8,1.2,0.0,11.2,9.5,,0.1,0.1,0.1,.091,,-1.5,-0.3,-1.8,0.0
Kelan Martin,SF,25,IND,3,17,-11.2,.125,.375,.000,6.9,12.8,9.9,0.0,5.6,0.0,20.0,25.8,,-0.2,0.0,-0.1,-0.410,,-18.3,-3.4,-21.7,-0.1
Garrison Mathews,SG,24,WAS,2,10,7.6,.375,1.000,.000,0.0,10.9,5.4,24.9,0.0,0.0,0.0,16.3,,0.0,0.0,0.0,-0.007,,-1.9,-4.7,-6.6,0.0
Dakota Mathias,SG,25,PHI,3,17,27.1,.621,.583,.167,0.0,11.5,6.1,23.9,0.0,0.0,0.0,32.0,,0.1,0.0,0.1,.250,,8.1,-0.6,7.5,0.0
Wesley Matthews,SG,34,LAL,8,165,11.2,.690,.839,.065,2.1,4.9,3.5,7.5,1.2,1.5,3.0,8.5,,0.3,0.2,0.6,.160,,-0.6,0.5,-0.1,0.1
Tyrese Maxey,SG,20,PHI,7,109,8.8,.454,.208,.021,1.0,8.0,4.7,15.3,1.7,0.0,9.4,20.7,,-0.1,0.2,0.1,.032,,-4.7,-1.0,-5.7,-0.1
Skylar Mays,SG,23,ATL,2,6,-9.3,.000,1.000,.000,0.0,0.0,0.0,0.0,0.0,0.0,0.0,6.9,,0.0,0.0,0.0,-0.169,,-11.0,-3.8,-14.8,0.0
CJ McCollum,SG,29,POR,7,251,25.4,.593,.516,.157,1.2,11.3,6.1,28.1,2.4,0.8,5.2,29.2,,0.9,0.1,1.0,.186,,6.8,-0.6,6.2,0.5
T.J. McConnell,PG,28,IND,7,117,14.6,.571,.095,.095,4.0,14.9,9.6,34.3,3.7,0.0,33.5,12.3,,0.1,0.2,0.3,.132,,-1.4,1.8,0.4,0.1
Jaden McDaniels,PF,20,MIN,4,25,20.3,.788,.625,.250,0.0,19.0,8.7,6.1,3.8,3.5,18.4,18.1,,0.0,0.0,0.1,.126,,1.6,1.7,3.4,0.0
Jalen McDaniels,SF,23,CHO,7,81,9.6,.607,.250,.458,3.6,22.1,12.2,9.3,1.2,0.0,21.7,18.9,,0.0,0.1,0.0,.027,,-4.5,-1.4,-5.9,-0.1
Doug McDermott,PF,29,IND,7,171,11.1,.528,.577,.183,5.5,12.7,9.2,5.6,0.6,0.0,8.4,21.4,,0.0,0.1,0.2,.045,,-0.4,-3.3,-3.8,-0.1
Sean McDermott,SF,24,MEM,3,42,2.6,.444,.714,.286,4.8,2.5,3.7,9.0,0.0,0.0,27.6,10.9,,0.0,0.0,0.0,-0.051,,-5.8,-3.6,-9.4,-0.1
JaVale McGee,C,33,CLE,7,118,18.6,.508,.125,.321,15.4,28.6,21.9,11.6,1.6,5.8,13.5,27.0,,0.0,0.3,0.3,.114,,-1.7,0.5,-1.2,0.0
Rodney McGruder,SG,29,DET,1,5,0.0,,,,0.0,0.0,0.0,0.0,0.0,0.0,,0.0,,0.0,0.0,0.0,-0.019,,-7.6,-3.4,-11.0,0.0
Alfonzo McKinnie,SF,28,LAL,4,13,44.4,1.190,.400,.400,8.7,15.4,12.3,0.0,0.0,0.0,14.5,22.5,,0.1,0.0,0.1,.385,,16.7,1.4,18.1,0.1
Jordan McLaughlin,PG,24,MIN,4,64,12.0,.471,.412,.000,1.6,11.1,6.0,29.5,1.5,1.4,15.0,13.0,,0.0,0.0,0.0,.027,,-1.8,-1.7,-3.6,0.0
Nicolò Melli,PF,30,NOP,5,59,4.2,.373,.769,.308,1.8,22.1,11.9,13.8,1.6,0.0,21.3,13.5,,-0.1,0.1,0.0,-0.009,,-5.1,-0.2,-5.3,0.0
De'Anthony Melton,PG,22,MEM,2,40,5.3,.333,.500,.000,0.0,10.4,5.1,19.6,1.2,6.4,14.3,14.7,,-0.1,0.0,0.0,-0.043,,-5.2,0.3,-4.9,0.0
Sam Merrill,SG,24,MIL,5,39,16.7,.857,.714,.000,8.5,16.3,12.5,21.2,1.2,0.0,30.0,10.6,,0.1,0.0,0.2,.205,,3.9,0.2,4.2,0.1
Chimezie Metu,C,23,SAC,1,5,49.5,.875,.250,.000,0.0,0.0,0.0,0.0,0.0,0.0,0.0,33.1,,0.0,0.0,0.0,.348,,21.9,0.2,22.1,0.0
Khris Middleton,SF,29,MIL,7,220,23.6,.662,.366,.208,2.5,18.8,10.8,27.1,1.7,0.4,14.7,24.2,,0.9,0.3,1.1,.246,,4.6,-0.5,4.1,0.3
Darius Miller,SF,30,OKC,1,7,-3.0,.500,1.000,.000,0.0,0.0,0.0,0.0,0.0,0.0,25.0,24.8,,0.0,0.0,0.0,-0.216,,-7.8,-6.1,-14.0,0.0
Patty Mills,PG,32,SAS,7,171,20.4,.714,.615,.200,1.1,6.1,3.5,16.1,0.8,0.5,5.4,18.4,,0.7,0.0,0.7,.192,,4.8,-1.1,3.7,0.2
Paul Millsap,PF,35,DEN,7,170,14.5,.680,.418,.309,4.3,14.3,9.4,7.7,0.3,0.0,12.6,18.1,,0.4,0.0,0.3,.091,,0.4,-3.6,-3.2,-0.1
Shake Milton,SG,24,PHI,7,177,13.2,.510,.446,.257,1.2,6.6,4.1,16.7,2.1,1.0,6.8,21.1,,0.2,0.3,0.5,.126,,-2.1,0.2,-1.9,0.0
Donovan Mitchell,SG,24,UTA,7,233,14.7,.501,.464,.225,2.3,8.7,5.6,25.5,1.2,0.7,13.2,31.6,,0.0,0.2,0.2,.042,,0.3,-2.3,-1.9,0.0
Adam Mokoka,SG,22,CHI,3,32,6.1,.364,.545,.000,3.4,6.8,5.1,13.3,2.8,3.0,8.3,15.3,,0.0,0.0,0.0,-0.029,,-6.7,0.5,-6.1,0.0
Malik Monk,SG,22,CHO,1,10,2.6,.266,1.000,2.000,0.0,0.0,0.0,36.4,0.0,0.0,34.7,12.0,,0.0,0.0,0.0,-0.093,,-3.5,-3.7,-7.2,0.0
E'Twaun Moore,SG,31,PHO,1,6,-27.8,.000,1.000,.000,0.0,0.0,0.0,0.0,0.0,0.0,66.7,22.6,,-0.1,0.0,-0.1,-0.628,,-26.1,-7.4,-33.5,0.0
Ja Morant,PG,21,MEM,3,81,32.0,.623,.164,.345,2.5,6.4,4.4,50.1,1.2,2.1,9.9,36.4,,0.4,0.1,0.4,.251,,7.7,-0.8,6.9,0.2
Juwan Morgan,PF,23,UTA,3,10,-2.3,.000,1.000,.000,0.0,30.3,15.6,0.0,0.0,0.0,0.0,4.2,,0.0,0.0,0.0,-0.057,,-8.6,-1.3,-9.9,0.0
Markieff Morris,PF,31,LAL,8,117,10.2,.480,.710,.097,6.8,24.0,15.9,8.5,0.4,2.2,5.8,12.5,,0.1,0.2,0.3,.123,,-1.6,-0.2,-1.8,0.0
Monte Morris,PG,25,DEN,7,191,15.7,.592,.418,.382,1.9,7.3,4.7,16.4,1.5,1.0,4.5,15.1,,0.5,0.0,0.5,.124,,1.2,-2.0,-0.8,0.1
Mychal Mulder,PG,26,GSW,7,71,13.0,.719,.857,.286,0.0,9.7,4.9,6.2,0.6,1.3,11.3,15.2,,0.1,0.0,0.1,.088,,0.0,-1.4,-1.4,0.0
Dejounte Murray,PG,24,SAS,7,219,15.8,.511,.225,.147,3.1,18.6,10.5,27.3,2.3,0.0,14.9,24.5,,0.0,0.2,0.2,.039,,-1.7,-0.2,-1.9,0.0
Jamal Murray,PG,23,DEN,6,211,18.7,.622,.446,.370,3.5,9.9,6.8,12.9,1.4,0.4,10.1,24.2,,0.6,0.0,0.6,.128,,2.3,-2.8,-0.5,0.1
Mike Muscala,C,29,OKC,6,106,16.8,.640,.721,.163,1.0,16.9,9.2,8.2,0.9,1.5,8.0,20.5,,0.2,0.1,0.3,.128,,1.8,-0.9,0.9,0.1
Sviatoslav Mykhailiuk,SF,23,DET,7,128,14.8,.587,.813,.229,0.8,12.3,6.1,8.2,1.9,0.8,5.4,18.4,,0.2,0.1,0.3,.106,,0.5,-0.5,-0.1,0.1
Larry Nance Jr.,PF,28,CLE,7,243,14.6,.512,.444,.111,6.2,15.7,10.9,19.4,3.6,2.0,16.3,12.0,,0.2,0.5,0.7,.145,,-0.3,3.2,3.0,0.3
Aaron Nesmith,SF,21,BOS,3,39,-2.0,.333,.750,.000,2.8,11.8,7.2,3.1,0.0,2.3,14.3,15.2,,-0.1,0.0,-0.1,-0.122,,-9.2,-4.7,-13.9,-0.1
Raul Neto,PG,28,WAS,7,124,19.3,.701,.489,.106,1.7,6.2,3.9,11.8,2.9,0.0,7.5,17.5,,0.3,0.1,0.4,.160,,2.4,0.1,2.5,0.1
Georges Niang,PF,27,UTA,7,50,-4.0,.111,.778,.000,2.1,18.2,10.4,2.5,0.0,0.0,10.0,8.4,,-0.1,0.0,-0.1,-0.117,,-10.0,-2.7,-12.7,-0.1
Zeke Nnaji,PF,20,DEN,3,5,-11.3,.000,1.000,.000,0.0,0.0,0.0,0.0,0.0,0.0,0.0,8.6,,0.0,0.0,0.0,-0.235,,-14.4,-6.9,-21.3,0.0
Nerlens Noel,C,26,NYK,6,91,12.0,.569,.000,.167,11.0,23.1,17.4,3.2,2.7,7.4,34.1,13.9,,-0.1,0.2,0.1,.053,,-4.2,3.1,-1.1,0.0
Frank Ntilikina,PG,22,NYK,4,42,12.4,.587,.643,.214,2.6,7.2,5.0,10.9,3.5,0.0,11.5,17.8,,0.0,0.1,0.1,.111,,-1.7,3.0,1.2,0.0
Kendrick Nunn,PG,25,MIA,5,61,10.3,.429,.310,.103,2.0,6.9,4.6,23.6,1.6,1.7,9.0,24.2,,-0.1,0.1,0.0,-0.016,,-4.2,-2.3,-6.6,-0.1
Jusuf Nurkić,C,26,POR,7,174,13.6,.470,.141,.219,7.7,26.3,16.7,21.2,1.4,3.3,15.6,20.3,,0.0,0.1,0.1,.026,,-3.1,-0.2,-3.2,-0.1
David Nwaba,SF,28,HOU,4,98,9.2,.461,.344,.344,2.3,9.8,6.1,3.1,2.4,1.8,2.6,17.1,,0.0,0.1,0.0,.009,,-4.6,-0.5,-5.2,-0.1
Jordan Nwora,SF,22,MIL,5,47,13.5,.579,.400,.320,0.0,22.6,11.5,0.0,2.9,0.0,17.4,30.3,,0.0,0.1,0.0,.033,,-5.3,-2.0,-7.3,-0.1
Royce O'Neale,SF,27,UTA,7,219,9.3,.634,.722,.167,5.4,20.3,13.0,5.4,0.4,1.1,17.2,9.0,,0.2,0.2,0.4,.087,,-1.9,-0.1,-2.0,0.0
Semi Ojeleye,PF,26,BOS,7,116,9.7,.586,.581,.290,4.8,14.8,9.7,4.5,0.0,0.0,10.3,14.3,,0.1,0.0,0.1,.056,,-0.9,-3.1,-4.1,-0.1
Jahlil Okafor,C,25,DET,4,46,20.4,.688,.000,.000,17.9,15.8,16.9,7.5,0.0,2.1,11.1,16.5,,0.2,0.0,0.2,.166,,0.0,-2.5,-2.5,0.0
Chuma Okeke,PF,22,ORL,5,91,8.3,.451,.500,.429,5.3,9.4,7.2,11.0,1.5,0.9,15.3,8.9,,0.0,0.1,0.1,.072,,-1.9,-0.6,-2.6,0.0
Josh Okogie,SG,22,MIN,3,75,9.4,.538,.286,.143,5.4,9.5,7.3,9.3,0.0,1.2,11.8,14.0,,0.1,0.0,0.0,.009,,-3.4,-2.2,-5.6,-0.1
Isaac Okoro,SG,20,CLE,2,75,3.3,.557,.556,.222,0.0,8.7,4.3,8.8,0.6,0.0,28.8,8.0,,0.0,0.1,0.0,.024,,-6.1,-1.1,-7.2,-0.1
KZ Okpala,PF,21,MIA,3,34,2.7,.322,.500,.667,3.6,15.5,10.0,0.0,2.8,0.0,11.4,11.4,,-0.1,0.1,0.0,-0.040,,-7.9,-3.2,-11.1,-0.1
Victor Oladipo,SG,28,IND,6,195,21.0,.613,.484,.275,0.6,17.9,9.5,21.1,1.7,0.8,9.7,25.4,,0.5,0.2,0.7,.177,,4.8,-0.2,4.6,0.3
Kelly Olynyk,C,29,MIA,5,130,14.8,.610,.725,.150,3.8,18.7,11.8,11.5,2.2,4.0,14.1,16.9,,0.1,0.2,0.3,.122,,0.7,2.1,2.8,0.2
Miye Oni,SG,23,UTA,4,23,1.9,.300,.600,.000,4.7,17.5,11.3,11.0,0.0,3.4,16.7,11.0,,0.0,0.0,0.0,-0.026,,-6.9,-1.1,-8.0,0.0
Cedi Osman,SF,25,CLE,7,180,13.2,.524,.587,.187,2.4,12.1,7.2,14.4,1.3,1.1,6.9,20.9,,0.2,0.2,0.4,.110,,0.6,0.0,0.7,0.1
Daniel Oturu,C,21,LAC,4,22,20.1,.625,.125,.000,5.2,31.0,18.2,14.9,0.0,9.3,11.1,18.3,,0.0,0.0,0.1,.148,,-0.5,1.2,0.7,0.0
Kelly Oubre Jr.,SF,25,GSW,7,191,7.7,.404,.409,.159,5.8,15.0,10.4,3.8,2.6,3.8,12.1,22.7,,-0.6,0.2,-0.3,-0.085,,-6.1,-1.6,-7.7,-0.3
Eric Paschall,PF,24,GSW,7,134,18.2,.654,.204,.388,3.0,12.5,7.8,11.8,1.0,1.3,6.5,18.6,,0.4,0.1,0.4,.158,,0.5,-1.1,-0.6,0.0
Anžejs Pasečņiks,C,25,WAS,1,6,-40.7,.000,1.000,.000,17.5,0.0,8.9,18.5,0.0,0.0,83.3,40.7,,-0.1,0.0,-0.1,-1.098,,-40.1,-7.1,-47.1,-0.1
Patrick Patterson,PF,31,LAC,5,57,7.2,.504,.714,.143,6.0,14.0,10.0,7.0,1.7,0.0,16.8,14.0,,0.0,0.0,0.0,.016,,-3.5,-1.6,-5.2,0.0
Chris Paul,PG,35,PHO,7,209,18.6,.530,.266,.278,3.3,14.8,9.0,41.6,1.2,1.3,13.6,22.2,,0.5,0.3,0.8,.193,,1.9,1.1,3.0,0.3
Cameron Payne,PG,26,PHO,7,128,17.0,.606,.362,.043,1.8,13.4,7.6,31.9,1.6,0.7,14.3,19.7,,0.3,0.2,0.5,.180,,0.7,1.8,2.6,0.1
Elfrid Payton,PG,26,NYK,7,191,12.8,.496,.154,.121,5.8,10.5,8.3,29.0,0.8,1.0,17.3,26.2,,-0.1,0.2,0.0,.011,,-1.1,-1.6,-2.7,0.0
Reggie Perry,PF,20,BRK,4,20,6.1,.415,.375,.125,5.4,32.4,20.0,27.6,0.0,0.0,26.2,24.0,,-0.1,0.0,0.0,-0.050,,-7.6,0.6,-7.0,0.0
Theo Pinson,SG,25,NYK,4,9,-12.5,.000,1.000,.000,0.0,11.1,5.9,0.0,0.0,0.0,0.0,14.4,,-0.1,0.0,-0.1,-0.319,,-12.9,-4.9,-17.8,0.0
Mason Plumlee,C,30,DET,7,198,18.5,.602,.077,.436,12.4,29.3,20.2,20.0,2.4,1.5,17.7,12.1,,0.5,0.2,0.7,.166,,-0.1,1.7,1.6,0.2
Jakob Poeltl,C,25,SAS,7,149,14.7,.536,.000,.258,12.2,19.6,15.8,15.0,1.3,1.6,16.9,11.7,,0.2,0.1,0.3,.101,,-1.1,-0.3,-1.4,0.0
Vincent Poirier,C,27,PHI,2,13,10.8,.420,.000,1.333,16.9,7.5,11.9,10.0,0.0,6.5,17.4,18.7,,0.0,0.0,0.0,.057,,-4.8,-1.1,-5.9,0.0
Aleksej Pokusevski,PF,19,OKC,5,80,-3.1,.119,.762,.000,1.3,22.4,12.1,11.8,3.0,5.0,32.3,16.8,,-0.6,0.2,-0.4,-0.251,,-11.9,1.5,-10.4,-0.2
Jordan Poole,SG,21,GSW,6,71,11.9,.576,.586,.310,1.4,9.7,5.6,10.5,0.6,0.0,10.8,21.1,,0.1,0.0,0.1,.050,,-1.8,-2.5,-4.3,0.0
Michael Porter Jr.,SF,22,DEN,4,117,26.5,.690,.491,.151,5.2,21.8,13.7,9.6,1.7,4.8,3.4,21.5,,0.5,0.1,0.6,.237,,6.8,-0.7,6.1,0.2
Otto Porter,SF,27,CHI,8,202,20.2,.628,.500,.314,6.5,23.6,15.1,11.7,1.8,0.0,9.3,21.8,,0.6,0.2,0.7,.169,,3.1,-0.5,2.6,0.2
Bobby Portis,C,25,MIL,7,160,19.1,.612,.232,.214,11.0,25.2,18.2,6.6,1.2,2.8,10.3,17.6,,0.4,0.2,0.6,.194,,1.1,-1.3,-0.2,0.1
Dwight Powell,C,29,DAL,7,146,11.5,.579,.143,.905,6.0,14.3,10.2,8.6,3.3,2.1,19.3,11.0,,0.1,0.3,0.4,.129,,-3.3,2.0,-1.3,0.0
Norman Powell,SG,27,TOR,6,133,5.6,.442,.481,.250,0.0,7.2,3.5,4.6,2.4,1.4,9.4,20.1,,-0.3,0.2,-0.1,-0.033,,-5.1,-0.3,-5.4,-0.1
Taurean Prince,PF,26,BRK,8,126,8.8,.527,.575,.425,0.0,14.0,7.5,3.1,1.5,3.1,11.2,17.8,,0.0,0.2,0.2,.058,,-4.7,-0.1,-4.9,-0.1
Payton Pritchard,SG,23,BOS,8,185,13.7,.645,.380,.160,0.0,9.9,4.9,18.1,2.8,1.4,23.0,15.9,,0.2,0.1,0.3,.080,,-2.0,0.7,-1.4,0.0
Immanuel Quickley,PG,21,NYK,3,46,23.2,.796,.429,.786,0.0,8.7,4.6,13.9,2.1,2.1,17.5,21.4,,0.2,0.1,0.3,.267,,2.4,2.4,4.8,0.1
Jahmi'us Ramsey,SG,19,SAC,2,8,27.4,1.250,.500,.000,0.0,14.4,6.7,0.0,0.0,0.0,0.0,10.3,,0.0,0.0,0.0,.233,,8.8,0.6,9.5,0.0
Julius Randle,PF,26,NYK,7,269,19.3,.603,.245,.382,5.4,25.0,15.7,32.8,0.9,0.7,20.9,26.1,,0.4,0.4,0.8,.140,,2.3,1.4,3.6,0.4
Cam Reddish,SF,21,ATL,7,200,8.9,.504,.409,.288,3.3,13.1,8.4,6.2,1.9,0.9,12.9,17.8,,0.0,0.2,0.2,.038,,-3.8,-0.8,-4.7,-0.1
J.J. Redick,SG,36,NOP,7,162,3.3,.424,.725,.196,0.7,7.4,4.0,6.2,0.6,0.0,6.7,15.6,,-0.1,0.1,0.0,.011,,-6.0,-2.1,-8.1,-0.2
Paul Reed,PF,21,PHI,1,1,62.2,1.000,.000,.000,0.0,0.0,0.0,0.0,0.0,0.0,0.0,42.2,,0.0,0.0,0.0,1.298,,3.1,6.9,10.0,0.0
Naz Reid,C,21,MIN,7,140,15.7,.596,.283,.245,4.3,16.1,9.7,11.0,1.3,3.7,12.0,19.8,,0.2,0.0,0.2,.076,,-2.2,-0.8,-3.0,0.0
Nick Richards,PF,23,CHO,3,11,19.3,.868,.000,1.000,8.8,30.4,18.9,0.0,0.0,0.0,0.0,10.9,,0.0,0.0,0.1,.220,,1.4,-1.1,0.3,0.0
Josh Richardson,SG,27,DAL,7,219,11.6,.554,.538,.188,4.5,6.5,5.5,8.7,1.1,0.9,9.4,19.2,,0.2,0.2,0.4,.090,,-1.4,-1.5,-2.8,0.0
Austin Rivers,SG,28,NYK,3,72,13.5,.714,.619,.000,0.0,7.0,3.7,17.6,1.4,0.0,19.2,15.6,,0.1,0.1,0.2,.112,,0.4,0.3,0.7,0.1
Duncan Robinson,SF,26,MIA,6,177,9.4,.622,.918,.224,0.0,14.9,8.0,6.5,1.3,0.6,17.0,16.2,,0.0,0.2,0.2,.055,,-1.5,-0.6,-2.0,0.0
Glenn Robinson III,SF,27,SAC,4,71,8.8,.509,.389,.333,4.2,9.7,6.8,5.8,0.0,1.3,4.6,12.6,,0.1,0.0,0.1,.047,,-1.2,-1.6,-2.9,0.0
Jerome Robinson,SG,23,WAS,4,61,4.1,.460,.400,.200,0.0,10.8,5.3,12.0,1.5,0.0,15.5,12.9,,0.0,0.0,0.0,-0.016,,-7.5,-1.6,-9.1,-0.1
Mitchell Robinson,C,22,NYK,7,195,17.8,.611,.000,.152,13.1,15.9,14.6,1.6,2.5,5.9,7.5,11.8,,0.4,0.4,0.7,.184,,-0.2,1.7,1.5,0.2
Isaiah Roby,PF,22,OKC,3,70,13.8,.578,.318,.318,10.5,11.4,10.9,4.9,0.7,3.5,13.8,18.0,,0.0,0.1,0.1,.059,,-2.3,-1.7,-4.0,0.0
Rajon Rondo,PG,34,ATL,2,31,24.5,.600,.500,.000,3.5,3.3,3.4,65.5,1.5,2.8,16.7,16.1,,0.2,0.0,0.2,.280,,7.9,-1.8,6.1,0.1
Derrick Rose,PG,32,DET,6,159,16.7,.497,.216,.250,1.9,9.1,5.2,39.8,2.1,1.2,14.8,30.5,,0.0,0.1,0.1,.024,,0.1,-1.6,-1.5,0.0
Terrence Ross,SG,29,ORL,6,175,20.8,.619,.433,.278,1.6,6.7,4.0,5.6,2.7,0.0,8.2,25.9,,0.4,0.3,0.7,.189,,3.1,-0.1,3.0,0.2
Terry Rozier,SG,26,CHO,7,220,18.8,.636,.528,.274,2.2,8.6,5.2,16.1,1.3,1.8,11.2,25.2,,0.4,0.1,0.6,.126,,4.1,-1.9,2.2,0.2
Ricky Rubio,PG,30,MIN,7,160,10.3,.521,.405,.167,1.3,11.1,5.8,24.5,2.1,0.0,18.2,14.3,,0.1,0.0,0.1,.024,,-4.6,-1.3,-5.9,-0.2
D'Angelo Russell,PG,24,MIN,7,212,15.6,.541,.452,.174,1.9,9.5,5.4,29.1,2.2,0.8,17.4,29.3,,0.0,0.0,0.0,-0.003,,0.4,-2.3,-2.0,0.0
Domantas Sabonis,PF,24,IND,7,259,21.3,.636,.175,.381,7.2,26.5,17.2,26.4,1.1,1.3,18.1,23.4,,0.7,0.4,1.0,.194,,3.1,1.0,4.1,0.4
Luka Šamanić,PF,21,SAS,2,7,-1.7,.340,.400,.400,0.0,0.0,0.0,0.0,0.0,0.0,0.0,35.3,,0.0,0.0,0.0,-0.277,,-4.6,-9.6,-14.2,0.0
JaKarr Sampson,PF,27,IND,3,13,21.2,.810,.333,1.000,0.0,25.1,13.0,0.0,0.0,6.4,0.0,14.5,,0.1,0.0,0.1,.315,,0.0,1.9,1.9,0.0
Dario Šarić,PF,26,PHO,3,49,15.7,.663,.650,.300,2.3,28.0,15.1,9.9,2.0,0.0,23.6,27.3,,0.0,0.1,0.1,.085,,-1.1,1.5,0.5,0.0
Tomáš Satoranský,SG,29,CHI,3,68,13.6,.582,.400,.200,3.2,8.0,5.6,36.4,2.7,1.4,32.9,14.6,,0.0,0.0,0.1,.066,,-0.6,0.9,0.3,0.0
Dennis Schröder,SG,27,LAL,8,249,12.7,.528,.282,.191,1.8,11.7,7.0,22.8,0.8,0.3,15.6,24.1,,0.1,0.3,0.4,.080,,-1.9,-1.7,-3.6,-0.1
Mike Scott,PF,32,PHI,5,80,5.2,.470,.905,.143,4.1,12.2,8.4,0.0,1.2,1.1,11.8,13.4,,-0.1,0.1,0.1,.041,,-3.6,-1.1,-4.7,-0.1
Collin Sexton,SG,22,CLE,7,264,20.1,.636,.189,.260,1.2,4.5,2.9,16.5,1.8,0.4,10.7,25.9,,0.7,0.3,1.0,.176,,2.4,0.0,2.4,0.3
Landry Shamet,SG,23,BRK,8,135,5.0,.481,.813,.313,0.8,5.5,3.3,5.6,2.1,0.6,18.0,13.8,,-0.1,0.1,0.0,.000,,-5.7,-0.1,-5.8,-0.1
Pascal Siakam,PF,26,TOR,5,174,11.1,.502,.370,.185,3.9,18.4,10.9,17.8,1.1,1.6,14.6,24.8,,-0.1,0.2,0.1,.021,,-2.8,-1.1,-3.9,-0.1
Chris Silva,PF,24,MIA,3,11,6.1,1.064,.000,2.000,11.1,38.4,25.7,12.7,0.0,9.5,68.0,23.6,,0.0,0.0,0.0,-0.064,,-13.2,2.0,-11.2,0.0
Ben Simmons,PG,24,PHI,7,227,17.2,.548,.014,.522,2.9,27.0,15.7,31.2,1.9,3.7,22.1,20.2,,0.1,0.6,0.7,.154,,-0.4,3.1,2.7,0.3
Anfernee Simons,SG,21,POR,6,65,7.4,.452,.778,.148,0.0,13.4,6.5,4.4,0.7,2.9,0.0,18.8,,0.0,0.0,0.0,-0.014,,-3.2,-2.7,-5.9,-0.1
Marcus Smart,PG,26,BOS,7,232,15.8,.551,.574,.397,2.4,5.4,3.9,25.9,2.3,2.3,14.0,17.0,,0.5,0.1,0.6,.124,,1.5,-0.6,0.9,0.2
Dennis Smith Jr.,PG,23,NYK,1,18,1.6,.340,.400,.400,0.0,11.1,5.9,15.0,2.7,0.0,14.5,16.5,,0.0,0.0,0.0,-0.040,,-10.7,1.8,-8.9,0.0
Ish Smith,PG,32,WAS,7,122,9.0,.410,.184,.132,2.6,17.9,10.1,26.0,0.4,2.1,14.8,15.8,,-0.1,0.0,0.0,-0.007,,-1.9,-1.5,-3.4,0.0
Jalen Smith,PF,20,PHO,2,20,7.5,.340,.200,.400,17.1,11.4,14.3,6.9,0.0,4.4,14.5,15.5,,0.0,0.0,0.0,.003,,-2.7,-1.9,-4.6,0.0
Cassius Stanley,SG,21,IND,2,4,34.7,.833,.333,.000,29.2,0.0,14.1,0.0,0.0,0.0,25.0,43.8,,0.0,0.0,0.0,.113,,12.8,-4.5,8.2,0.0
Lamar Stevens,PF,23,CLE,3,22,6.5,.372,.222,.444,0.0,9.9,4.9,0.0,6.6,0.0,8.5,23.0,,-0.1,0.1,0.0,-0.027,,-5.8,1.4,-4.4,0.0
Isaiah Stewart,C,19,DET,5,92,12.9,.541,.000,.158,14.5,14.5,14.5,6.1,0.5,5.3,9.0,10.2,,0.2,0.0,0.2,.111,,-3.9,-1.4,-5.3,-0.1
Max Strus,SF,24,MIA,1,12,19.1,.700,.600,.000,0.0,0.0,0.0,15.0,0.0,0.0,0.0,18.4,,0.0,0.0,0.0,.166,,4.5,-4.5,0.1,0.0
Edmond Sumner,SG,25,IND,1,2,0.0,,,,0.0,0.0,0.0,0.0,0.0,0.0,,0.0,,0.0,0.0,0.0,.009,,-3.9,-1.9,-5.8,0.0
Jae'Sean Tate,SF,25,HOU,5,129,9.1,.565,.333,.333,6.1,14.9,10.6,6.7,1.5,0.7,18.4,13.0,,0.0,0.1,0.1,.041,,-3.9,-1.1,-5.0,-0.1
Jayson Tatum,SF,22,BOS,8,274,24.0,.585,.382,.200,1.2,24.3,12.6,19.1,1.4,2.6,9.1,30.6,,0.7,0.2,1.0,.167,,5.1,-0.4,4.8,0.5
Jeff Teague,PG,32,BOS,7,144,13.6,.472,.250,.333,2.3,11.9,7.0,16.9,4.0,1.2,9.8,18.0,,0.1,0.2,0.3,.084,,-2.7,1.3,-1.4,0.0
Garrett Temple,SG,34,CHI,7,170,7.1,.498,.681,.106,2.6,6.4,4.5,9.7,1.9,0.6,10.9,13.2,,0.0,0.1,0.1,.019,,-4.2,-0.2,-4.4,-0.1
Tyrell Terry,PG,20,DAL,4,14,0.7,.184,.600,.200,0.0,7.9,3.9,20.0,3.5,0.0,0.0,17.1,,-0.1,0.0,0.0,-0.131,,-11.4,0.3,-11.1,0.0
Daniel Theis,C,28,BOS,8,168,11.4,.571,.381,.143,4.6,18.4,11.4,7.9,0.9,4.2,15.2,13.3,,0.1,0.1,0.2,.062,,-3.3,-0.5,-3.8,-0.1
Brodric Thomas,SG,24,HOU,3,19,-1.6,.347,.800,1.000,5.9,11.2,8.6,28.3,0.0,0.0,29.4,23.7,,-0.1,0.0,-0.1,-0.189,,-12.0,-4.2,-16.2,-0.1
Matt Thomas,SG,26,TOR,3,47,14.7,.602,.706,.059,0.0,11.3,5.4,17.1,2.0,0.0,5.4,16.5,,0.1,0.1,0.1,.138,,1.4,0.4,1.9,0.0
Tristan Thompson,PF,29,BOS,7,165,14.6,.537,.000,.340,15.5,26.4,20.8,4.1,0.6,3.2,14.3,16.2,,0.2,0.1,0.3,.091,,-2.3,-2.3,-4.6,-0.1
Sindarius Thornwell,SG,26,NOP,2,10,21.0,.500,.500,.000,0.0,10.9,5.4,0.0,14.6,0.0,0.0,8.5,,0.0,0.0,0.1,.241,,-1.4,13.7,12.2,0.0
Matisse Thybulle,SG,23,PHI,7,77,8.9,.459,.706,.059,1.4,8.9,5.4,8.5,3.1,3.3,10.3,10.7,,0.0,0.2,0.2,.098,,-3.2,2.8,-0.4,0.0
Xavier Tillman Sr.,PF,22,MEM,2,35,13.1,.589,.091,.182,2.9,20.8,11.8,0.0,1.4,0.0,7.8,15.4,,0.0,0.0,0.1,.087,,-2.3,-0.7,-3.0,0.0
Obi Toppin,PF,22,NYK,1,24,7.0,.375,.583,.000,0.0,12.5,6.6,6.2,0.0,8.0,0.0,21.6,,0.0,0.0,0.0,-0.032,,-1.0,-2.5,-3.6,0.0
Juan Toscano-Anderson,SG,27,GSW,6,90,11.6,.848,.444,.556,1.1,20.9,11.1,16.1,1.0,4.0,30.9,7.3,,0.1,0.1,0.2,.109,,-2.4,0.9,-1.5,0.0
Karl-Anthony Towns,C,25,MIN,2,60,25.8,.561,.310,.379,10.1,33.6,20.9,25.6,1.6,8.7,15.1,27.6,,0.1,0.1,0.2,.159,,2.9,4.0,6.9,0.1
Gary Trent Jr.,SG,22,POR,5,106,15.5,.593,.583,.083,1.0,8.2,4.5,7.7,0.9,0.0,2.0,20.4,,0.2,0.0,0.2,.082,,1.9,-2.6,-0.8,0.0
P.J. Tucker,PF,35,HOU,5,170,5.1,.556,.611,.111,4.0,13.8,9.0,4.7,1.7,1.5,32.3,7.3,,-0.1,0.1,0.0,.002,,-5.0,-0.5,-5.5,-0.1
Myles Turner,C,24,IND,7,203,18.6,.596,.479,.225,3.5,17.7,10.8,2.7,2.6,10.2,10.3,18.8,,0.2,0.5,0.6,.150,,-0.4,2.6,2.1,0.2
Jonas Valančiūnas,C,28,MEM,7,199,17.7,.572,.107,.453,8.7,33.4,20.9,10.1,1.4,2.6,17.4,22.9,,0.1,0.3,0.4,.102,,-1.5,-0.1,-1.6,0.0
Denzel Valentine,SG,27,CHI,5,83,18.1,.683,.625,.083,2.6,26.1,14.4,7.0,3.3,1.2,7.4,13.2,,0.2,0.1,0.3,.161,,2.3,2.2,4.5,0.1
Jarred Vanderbilt,PF,21,MIN,5,67,27.4,.632,.000,.875,12.0,24.8,17.9,21.7,5.6,5.2,15.3,16.2,,0.2,0.1,0.3,.211,,3.4,4.4,7.8,0.2
Fred VanVleet,SG,26,TOR,6,210,21.2,.577,.557,.160,2.8,13.7,8.0,28.7,2.0,1.8,6.6,24.3,,0.5,0.3,0.8,.182,,5.2,0.9,6.2,0.4
Devin Vassell,SG,20,SAS,6,96,11.3,.548,.423,.038,1.0,17.4,8.9,6.8,2.9,1.7,10.2,12.9,,0.0,0.1,0.1,.061,,-3.0,1.3,-1.7,0.0
Gabe Vincent,PG,24,MIA,1,15,10.4,.543,.833,.167,0.0,14.1,7.5,19.8,0.0,0.0,0.0,19.0,,0.0,0.0,0.0,.137,,-3.7,0.6,-3.2,0.0
Nikola Vučević,C,30,ORL,7,217,27.9,.619,.333,.175,6.2,31.1,18.0,17.6,1.7,1.6,5.4,24.6,,0.8,0.4,1.2,.273,,8.3,1.0,9.3,0.6
Dean Wade,PF,24,CLE,6,63,1.9,.357,.714,.000,1.7,8.6,5.1,6.3,3.1,1.6,22.2,12.3,,-0.2,0.1,0.0,-0.031,,-8.3,0.2,-8.1,-0.1
Moritz Wagner,C,23,WAS,2,13,23.2,.900,.200,.000,8.1,25.3,16.5,12.9,0.0,0.0,0.0,15.7,,0.1,0.0,0.1,.300,,1.0,0.5,1.5,0.0
Lonnie Walker,SG,22,SAS,7,202,10.2,.513,.397,.141,1.9,8.3,5.0,8.2,0.9,1.6,6.8,18.5,,0.0,0.1,0.1,.020,,-2.5,-1.9,-4.5,-0.1
John Wall,PG,30,HOU,3,107,18.6,.546,.365,.288,3.2,11.0,7.2,30.6,1.8,2.4,17.0,29.2,,0.1,0.1,0.1,.050,,1.6,-1.4,0.2,0.1
Brad Wanamaker,PG,31,GSW,7,116,8.0,.449,.379,.517,0.0,8.5,4.3,20.4,2.7,1.6,18.3,15.2,,-0.1,0.1,0.0,-0.002,,-6.1,-0.2,-6.3,-0.1
T.J. Warren,SF,27,IND,4,117,12.7,.560,.137,.196,2.0,11.2,6.7,6.4,0.8,0.0,6.7,22.2,,0.1,0.1,0.2,.074,,-3.0,-2.5,-5.5,-0.1
P.J. Washington,PF,22,CHO,7,174,12.1,.504,.288,.394,7.8,17.3,12.2,15.5,1.9,2.2,16.2,22.0,,-0.1,0.2,0.1,.037,,-2.4,-0.8,-3.3,-0.1
Yuta Watanabe,SF,26,TOR,2,14,15.5,.500,.667,.000,7.0,30.5,18.2,10.2,3.3,6.7,0.0,9.0,,0.0,0.0,0.1,.191,,0.0,6.0,6.0,0.0
Tremont Waters,PG,23,BOS,3,33,1.5,.383,.400,.400,3.4,3.5,3.4,29.1,2.9,0.0,37.3,24.1,,-0.1,0.0,-0.1,-0.180,,-7.5,-3.5,-11.0,-0.1
Paul Watson,SF,26,TOR,2,6,1.1,.000,1.000,.000,0.0,35.6,17.0,0.0,0.0,15.5,0.0,7.0,,0.0,0.0,0.0,-0.057,,-9.7,2.6,-7.1,0.0
Russell Westbrook,PG,32,WAS,5,187,15.3,.453,.218,.287,3.9,28.7,16.0,45.5,1.5,0.0,17.4,30.0,,-0.1,0.1,0.0,.003,,-0.4,-1.3,-1.6,0.0
Coby White,PG,20,CHI,8,269,10.7,.514,.500,.224,2.0,15.3,8.7,24.0,0.3,0.4,16.4,23.1,,0.0,0.1,0.0,.003,,-2.0,-2.8,-4.8,-0.2
Derrick White,SG,26,SAS,1,23,5.7,.455,.444,.222,0.0,4.5,2.2,5.8,0.0,7.0,16.8,21.7,,-0.1,0.0,0.0,-0.101,,-4.2,-1.3,-5.4,0.0
Hassan Whiteside,C,31,SAC,6,71,16.0,.489,.000,.481,9.8,30.7,19.5,4.4,0.7,10.1,13.3,22.0,,0.0,0.1,0.1,.040,,-3.9,0.5,-3.4,0.0
Andrew Wiggins,PF,25,GSW,7,227,11.8,.499,.297,.252,3.5,12.6,8.1,11.0,0.6,4.0,10.8,24.7,,-0.2,0.1,0.0,-0.010,,-2.3,-2.5,-4.8,-0.2
Grant Williams,PF,22,BOS,7,125,9.8,.568,.455,.152,7.1,13.8,10.4,5.2,1.1,2.8,14.6,14.0,,0.1,0.1,0.2,.059,,-3.7,-0.9,-4.6,-0.1
Kenrich Williams,PF,26,OKC,6,67,5.6,.368,.333,.400,7.8,10.4,9.1,10.4,1.4,2.4,18.5,14.0,,-0.1,0.1,0.0,-0.025,,-6.3,-0.4,-6.7,-0.1
Lou Williams,PG,34,LAC,8,167,14.9,.518,.282,.197,1.4,10.9,6.2,21.2,1.2,0.0,6.1,22.0,,0.2,0.0,0.3,.075,,-1.0,-2.4,-3.5,-0.1
Patrick Williams,SF,19,CHI,8,199,10.0,.567,.234,.266,2.2,12.0,7.1,5.9,0.9,3.9,16.4,17.5,,0.0,0.1,0.1,.018,,-3.2,-0.8,-4.0,-0.1
Robert Williams,C,23,BOS,7,116,26.4,.762,.036,.179,19.1,27.7,23.3,6.1,3.3,8.4,24.9,14.7,,0.3,0.2,0.5,.220,,2.1,1.6,3.7,0.2
Zion Williamson,PF,20,NOP,7,220,20.5,.565,.020,.554,11.8,17.3,14.5,6.7,2.0,2.1,13.7,28.1,,0.2,0.4,0.6,.131,,1.0,-0.9,0.1,0.1
D.J. Wilson,PF,24,MIL,5,53,7.1,.504,.800,.133,4.2,26.0,15.3,4.4,0.9,3.4,15.9,14.7,,0.0,0.1,0.1,.053,,-4.6,-0.9,-5.6,0.0
Dylan Windler,SF,24,CLE,1,9,1.8,.300,.800,.000,0.0,0.0,0.0,0.0,10.8,0.0,16.7,28.7,,-0.1,0.0,0.0,-0.197,,-9.8,-0.4,-10.3,0.0
James Wiseman,C,19,GSW,7,152,13.1,.525,.179,.313,5.3,23.4,14.4,3.1,0.9,7.1,12.6,23.3,,-0.1,0.2,0.1,.022,,-4.6,-1.1,-5.7,-0.1
Christian Wood,C,25,HOU,5,178,24.4,.615,.259,.294,6.3,23.9,15.4,8.5,1.3,4.9,7.7,25.8,,0.5,0.2,0.6,.175,,2.3,-0.4,1.9,0.2
Robert Woodard,SF,21,SAC,2,8,14.1,.338,.250,.250,37.3,57.4,46.6,0.0,0.0,0.0,10.1,51.1,,-0.1,0.0,-0.1,-0.321,,-4.4,-11.2,-15.7,0.0
Delon Wright,SG,28,DET,7,161,14.5,.620,.333,.528,3.8,11.3,7.2,19.2,1.2,2.4,18.4,14.3,,0.3,0.1,0.3,.100,,-0.2,-0.2,-0.4,0.1
Thaddeus Young,PF,32,CHI,4,101,11.3,.588,.258,.097,6.5,10.7,8.6,19.1,1.8,1.9,27.1,17.9,,0.0,0.1,0.0,.022,,-2.8,-0.8,-3.6,0.0
Trae Young,PG,22,ATL,7,232,27.3,.612,.333,.675,5.2,7.8,6.5,45.2,0.6,0.4,15.9,34.9,,1.1,0.1,1.2,.251,,7.6,-2.5,5.1,0.4
Cody Zeller,C,28,CHO,1,19,14.2,.466,.333,.167,5.1,11.8,8.2,0.0,7.4,5.1,13.4,16.2,,0.0,0.0,0.0,.040,,-3.9,1.6,-2.3,0.0
Ivica Zubac,C,23,LAC,8,152,22.3,.798,.000,.844,9.0,12.0,10.5,7.8,1.3,5.4,13.8,15.0,,0.6,0.1,0.7,.234,,2.0,0.0,2.0,0.2
